-- phpMyAdmin SQL Dump
-- version 5.2.0
-- https://www.phpmyadmin.net/
--
-- Host: localhost
-- Generation Time: Apr 23, 2023 at 01:01 PM
-- Server version: 10.4.27-MariaDB
-- PHP Version: 8.2.0

SET SQL_MODE = "NO_AUTO_VALUE_ON_ZERO";
START TRANSACTION;
SET time_zone = "+00:00";


/*!40101 SET @OLD_CHARACTER_SET_CLIENT=@@CHARACTER_SET_CLIENT */;
/*!40101 SET @OLD_CHARACTER_SET_RESULTS=@@CHARACTER_SET_RESULTS */;
/*!40101 SET @OLD_COLLATION_CONNECTION=@@COLLATION_CONNECTION */;
/*!40101 SET NAMES utf8mb4 */;

--
-- Database: `itp4511_asm_db`
--

-- --------------------------------------------------------

--
-- Table structure for table `account`
--

CREATE TABLE `account` (
  `id` int(11) NOT NULL,
  `username` varchar(25) NOT NULL,
  `password` varchar(25) NOT NULL,
  `role` tinyint(1) NOT NULL
) ENGINE=InnoDB DEFAULT CHARSET=utf8mb4 COLLATE=utf8mb4_general_ci;

--
-- Dumping data for table `account`
--

INSERT INTO `account` (`id`, `username`, `password`, `role`) VALUES
(1, 'ben', 'password', 3),
(2, 'ken', 'password', 3),
(3, 'member', 'password', 1),
(4, 'staff', 'password', 2),
(5, 'david', 'password', 1),
(6, 'sarah', 'password', 2),
(7, 'robert', 'password', 1),
(8, 'emily', 'password', 2),
(9, 'ethan', 'password', 1),
(10, 'olivia', 'password', 2);

-- --------------------------------------------------------

--
-- Table structure for table `booking`
--

CREATE TABLE `booking` (
  `id` int(11) NOT NULL,
  `userId` int(11) NOT NULL,
  `amount` decimal(10,2) NOT NULL,
  `createDate` date NOT NULL DEFAULT current_timestamp(),
  `status` tinyint(1) NOT NULL DEFAULT 1
) ENGINE=InnoDB DEFAULT CHARSET=utf8mb4 COLLATE=utf8mb4_general_ci;

--
-- Dumping data for table `booking`
--

INSERT INTO `booking` (`id`, `userId`, `amount`, `createDate`, `status`) VALUES
(1, 3, '1800.00', '2023-04-11', 1),
(2, 5, '300.00', '2023-04-11', 1),
(3, 3, '1650.00', '2023-04-11', 5),
(4, 3, '300.00', '2023-04-11', 1),
(5, 3, '300.00', '2023-04-11', 4),
(6, 7, '300.00', '2023-04-11', 2),
(7, 3, '750.00', '2023-04-11', 1),
(8, 3, '600.00', '2023-04-11', 3),
(9, 9, '450.00', '2023-04-11', 1),
(10, 3, '253.00', '2022-03-12', 6),
(11, 10, '1106.00', '2022-05-05', 7),
(12, 2, '904.00', '2021-12-03', 2),
(13, 1, '373.00', '2021-11-14', 7),
(14, 6, '661.00', '2022-09-21', 5),
(15, 8, '451.00', '2022-07-02', 2),
(16, 9, '1120.00', '2021-02-12', 7),
(17, 7, '1828.00', '2021-11-13', 6),
(18, 6, '231.00', '2022-04-30', 2),
(19, 6, '1319.00', '2021-07-21', 6),
(20, 10, '1837.00', '2022-04-14', 6),
(21, 1, '1177.00', '2021-12-29', 7),
(22, 9, '1075.00', '2022-12-31', 6),
(23, 7, '1373.00', '2021-07-03', 5),
(24, 10, '1836.00', '2021-10-16', 5),
(25, 7, '554.00', '2021-04-08', 7),
(26, 6, '1377.00', '2022-04-13', 5),
(27, 6, '1412.00', '2022-07-21', 7),
(28, 3, '739.00', '2022-12-15', 7),
(29, 7, '1249.00', '2022-10-02', 6);

-- --------------------------------------------------------

--
-- Table structure for table `guest`
--

CREATE TABLE `guest` (
  `id` int(11) NOT NULL,
  `userId` int(11) NOT NULL,
  `name` varchar(50) NOT NULL,
  `email` varchar(50) NOT NULL
) ENGINE=InnoDB DEFAULT CHARSET=utf8mb4 COLLATE=utf8mb4_general_ci;

--
-- Dumping data for table `guest`
--

INSERT INTO `guest` (`id`, `userId`, `name`, `email`) VALUES
(1, 1, 'John Smith', 'john.smith@example.com'),
(2, 1, 'Jane Doe', 'jane.doe@example.com'),
(3, 1, 'Bob Johnson', 'bob.johnson@example.com'),
(4, 1, 'Sara Lee', 'sara.lee@example.com'),
(5, 1, 'David Kim', 'david.kim@example.com'),
(6, 1, 'Emily Chen', 'emily.chen@example.com'),
(7, 1, 'Michael Wong', 'michael.wong@example.com'),
(8, 1, 'Lisa Brown', 'lisa.brown@example.com'),
(9, 1, 'Chris Davis', 'chris.davis@example.com'),
(10, 1, 'Karen Lee', 'karen.lee@example.com'),
(11, 2, 'John Smith', 'john.smith@example.com'),
(12, 2, 'Jane Doe', 'jane.doe@example.com'),
(13, 2, 'Bob Johnson', 'bob.johnson@example.com'),
(14, 2, 'Sara Lee', 'sara.lee@example.com'),
(15, 2, 'David Kim', 'david.kim@example.com'),
(16, 2, 'Emily Chen', 'emily.chen@example.com'),
(17, 2, 'Michael Wong', 'michael.wong@example.com'),
(18, 2, 'Lisa Brown', 'lisa.brown@example.com'),
(19, 2, 'Chris Davis', 'chris.davis@example.com'),
(20, 2, 'Karen Lee', 'karen.lee@example.com'),
(21, 3, 'John Smith', 'john.smith@example.com'),
(22, 3, 'Jane Doe', 'jane.doe@example.com'),
(23, 3, 'Bob Johnson', 'bob.johnson@example.com'),
(24, 3, 'Sara Lee', 'sara.lee@example.com'),
(25, 3, 'David Kim', 'david.kim@example.com'),
(26, 3, 'Emily Chen', 'emily.chen@example.com'),
(27, 3, 'Michael Wong', 'michael.wong@example.com'),
(28, 3, 'Lisa Brown', 'lisa.brown@example.com'),
(29, 3, 'Chris Davis', 'chris.davis@example.com'),
(30, 3, 'Karen Lee', 'karen.lee@example.com'),
(31, 4, 'John Smith', 'john.smith@example.com'),
(32, 4, 'Jane Doe', 'jane.doe@example.com'),
(33, 4, 'Bob Johnson', 'bob.johnson@example.com'),
(34, 4, 'Sara Lee', 'sara.lee@example.com'),
(35, 4, 'David Kim', 'david.kim@example.com'),
(36, 4, 'Emily Chen', 'emily.chen@example.com'),
(37, 5, 'Michael Wong', 'michael.wong@example.com'),
(38, 5, 'Lisa Brown', 'lisa.brown@example.com'),
(39, 5, 'Chris Davis', 'chris.davis@example.com'),
(40, 5, 'Karen Lee', 'karen.lee@example.com'),
(41, 6, 'John Smith', 'john.smith@example.com'),
(42, 6, 'Jane Doe', 'jane.doe@example.com'),
(43, 6, 'Bob Johnson', 'bob.johnson@example.com'),
(44, 6, 'Sara Lee', 'sara.lee@example.com'),
(45, 6, 'David Kim', 'david.kim@example.com'),
(46, 6, 'Emily Chen', 'emily.chen@example.com'),
(47, 6, 'Michael Wong', 'michael.wong@example.com'),
(48, 6, 'Lisa Brown', 'lisa.brown@example.com'),
(49, 6, 'Chris Davis', 'chris.davis@example.com'),
(50, 6, 'Karen Lee', 'karen.lee@example.com');

-- --------------------------------------------------------

--
-- Table structure for table `guestlist`
--

CREATE TABLE `guestlist` (
  `id` int(11) NOT NULL,
  `createDate` date NOT NULL DEFAULT current_timestamp(),
  `bookingId` int(11) NOT NULL,
  `venueId` int(11) NOT NULL
) ENGINE=InnoDB DEFAULT CHARSET=utf8mb4 COLLATE=utf8mb4_general_ci;

--
-- Dumping data for table `guestlist`
--

INSERT INTO `guestlist` (`id`, `createDate`, `bookingId`, `venueId`) VALUES
(1, '2023-04-11', 1, 1),
(2, '2023-04-11', 1, 2),
(3, '2023-04-11', 2, 1),
(4, '2023-04-11', 3, 2),
(5, '2023-04-11', 3, 3),
(6, '2023-04-11', 4, 4),
(7, '2023-04-11', 5, 3),
(8, '2023-04-11', 6, 4),
(9, '2023-04-11', 7, 5),
(10, '2023-04-11', 8, 1),
(11, '2023-04-11', 8, 2),
(12, '2023-04-11', 9, 3);

-- --------------------------------------------------------

--
-- Table structure for table `guestlist_guest`
--

CREATE TABLE `guestlist_guest` (
  `id` int(11) NOT NULL,
  `guestlistId` int(11) NOT NULL,
  `guestId` int(11) NOT NULL
) ENGINE=InnoDB DEFAULT CHARSET=utf8mb4 COLLATE=utf8mb4_general_ci;

--
-- Dumping data for table `guestlist_guest`
--

INSERT INTO `guestlist_guest` (`id`, `guestlistId`, `guestId`) VALUES
(1, 1, 1),
(2, 1, 3),
(3, 1, 5),
(4, 1, 2),
(5, 1, 4),
(6, 1, 6),
(7, 1, 8),
(8, 1, 7),
(9, 1, 9),
(10, 1, 10),
(11, 2, 11),
(12, 2, 12),
(13, 2, 13),
(14, 2, 14),
(15, 2, 15),
(16, 2, 16),
(17, 2, 17),
(18, 2, 18),
(19, 2, 19),
(20, 2, 20),
(21, 3, 21),
(22, 3, 22),
(23, 3, 23),
(24, 3, 24),
(25, 3, 25),
(26, 3, 26),
(27, 3, 27),
(28, 3, 28),
(29, 3, 29),
(30, 3, 30),
(31, 4, 31),
(32, 4, 32),
(33, 4, 33),
(34, 4, 34),
(35, 4, 35),
(36, 4, 36),
(37, 5, 37),
(38, 5, 38),
(39, 5, 39),
(40, 5, 40);

-- --------------------------------------------------------

--
-- Table structure for table `timeslot`
--

CREATE TABLE `timeslot` (
  `id` int(11) NOT NULL,
  `startTime` time NOT NULL,
  `endTime` time NOT NULL
) ENGINE=InnoDB DEFAULT CHARSET=utf8mb4 COLLATE=utf8mb4_general_ci;

--
-- Dumping data for table `timeslot`
--

INSERT INTO `timeslot` (`id`, `startTime`, `endTime`) VALUES
(1, '09:30:00', '10:30:00'),
(2, '10:30:00', '11:30:00'),
(3, '11:30:00', '12:30:00'),
(4, '12:30:00', '13:30:00'),
(5, '13:30:00', '14:30:00'),
(6, '14:30:00', '15:30:00'),
(7, '15:30:00', '16:30:00'),
(8, '16:30:00', '17:30:00'),
(9, '17:30:00', '18:30:00'),
(10, '18:30:00', '19:30:00'),
(11, '19:30:00', '20:30:00'),
(12, '20:30:00', '21:30:00');

-- --------------------------------------------------------

--
-- Table structure for table `user`
--

CREATE TABLE `user` (
  `id` int(11) NOT NULL,
  `accountId` int(11) NOT NULL,
  `firstName` varchar(25) NOT NULL,
  `lastName` varchar(25) NOT NULL,
  `email` varchar(50) NOT NULL,
  `phone` varchar(15) NOT NULL
) ENGINE=InnoDB DEFAULT CHARSET=utf8mb4 COLLATE=utf8mb4_general_ci;

--
-- Dumping data for table `user`
--

INSERT INTO `user` (`id`, `accountId`, `firstName`, `lastName`, `email`, `phone`) VALUES
(1, 1, 'Ben', 'Poon', 'benpoon@example.com', '852-5456-7890'),
(2, 2, 'Ken', 'Lee', 'kenlee@example.com', '852-6567-8901'),
(3, 3, 'Michael', 'Johnson', 'michaeljohnson@example.com', '852-6678-9012'),
(4, 4, 'Amanda', 'Brown', 'amandabrown@example.com', '852-5789-0123'),
(5, 5, 'David', 'Davis', 'daviddavis@example.com', '852-9890-1234'),
(6, 6, 'Sarah', 'Jackson', 'sarahjackson@example.com', '852-6901-2345'),
(7, 7, 'Robert', 'Garcia', 'robertgarcia@example.com', '852-6012-3456'),
(8, 8, 'Emily', 'Rodriguez', 'emilyrodriguez@example.com', '852-5123-4567'),
(9, 9, 'Ethan', 'Hernandez', 'ethanhernandez@example.com', '852-6234-5678'),
(10, 10, 'Olivia', 'Martinez', 'oliviamartinez@example.com', '852-9345-6789');

-- --------------------------------------------------------

--
-- Table structure for table `venue`
--

CREATE TABLE `venue` (
  `id` int(11) NOT NULL,
  `name` varchar(50) NOT NULL,
  `district` varchar(50) NOT NULL,
  `address` varchar(255) NOT NULL,
  `capacity` int(11) NOT NULL,
  `type` tinyint(2) NOT NULL,
  `img` varchar(255) NOT NULL,
  `description` varchar(255) DEFAULT NULL,
  `userId` int(11) DEFAULT NULL,
  `hourlyRate` double NOT NULL
) ENGINE=InnoDB DEFAULT CHARSET=utf8mb4 COLLATE=utf8mb4_general_ci;

--
-- Dumping data for table `venue`
--

INSERT INTO `venue` (`id`, `name`, `district`, `address`, `capacity`, `type`, `img`, `description`, `userId`, `hourlyRate`) VALUES
(1, 'EPL(Tuen Mun)', 'Tuen Mun District', '18 Hoi Wing Road, Tuen Mun, HK', 500, 2, 'img/venues/tuen-mun.jpg', 'This venue is located in the heart of Tuen Mun and is perfect for small to medium-sized events.', 4, 100),
(2, 'EPL(Sha Tin)', 'Sha Tin District', '1 Yuen Wo Rd, Sha Tin, Hong Kong', 1000, 1, 'img/venues/sha-tin.jpg', 'This venue is located in the scenic Sha Tin area and is perfect for large outdoor events.', 6, 200),
(3, 'EPL(Tsing Yi)', 'Kwai Tsing District', '30 Tsing King Rd, Tsing Yi, HK', 800, 4, 'img/venues/tsing-yi.jpg', 'This venue is located in Tsing Yi and is perfect for conferences and corporate events.', 8, 150),
(4, 'EPL(Lee Wai Lee)', 'Sai Kung District', '3 King Ling Road, Tseung Kwan O, HK', 300, 3, 'img/venues/lee-wai-lee.jpg', 'This venue is located in the bustling  Tseung Kwan O area and is perfect for intimate gatherings.', 10, 75),
(5, 'EPL(Chai Wan)', 'Eastern District', '60 Wing Tai Rd, Chai Wan, HK', 1200, 5, 'img/venues/chai-wan.jpg', 'This venue is located in Chai Wan and is perfect for large outdoor events such as concerts and festivals.', 4, 250);

-- --------------------------------------------------------

--
-- Table structure for table `venue_timeslot`
--

CREATE TABLE `venue_timeslot` (
  `id` int(11) NOT NULL,
  `venueId` int(11) NOT NULL,
  `timeslotId` int(11) NOT NULL,
  `bookingId` int(11) DEFAULT NULL,
  `date` date NOT NULL
) ENGINE=InnoDB DEFAULT CHARSET=utf8mb4 COLLATE=utf8mb4_general_ci;

--
-- Dumping data for table `venue_timeslot`
--

INSERT INTO `venue_timeslot` (`id`, `venueId`, `timeslotId`, `bookingId`, `date`) VALUES
(1, 1, 1, 1, '2023-04-08'),
(2, 1, 2, 1, '2023-04-08'),
(3, 1, 3, 1, '2023-04-08'),
(4, 1, 4, NULL, '2023-04-08'),
(5, 1, 5, NULL, '2023-04-08'),
(6, 1, 6, 2, '2023-04-08'),
(7, 1, 7, 2, '2023-04-08'),
(8, 1, 8, 2, '2023-04-08'),
(9, 1, 9, NULL, '2023-04-08'),
(10, 1, 10, NULL, '2023-04-08'),
(11, 1, 11, NULL, '2023-04-08'),
(12, 1, 12, NULL, '2023-04-08'),
(13, 2, 1, 1, '2023-04-08'),
(14, 2, 2, 1, '2023-04-08'),
(15, 2, 3, NULL, '2023-04-08'),
(16, 2, 4, 3, '2023-04-08'),
(17, 2, 5, 3, '2023-04-08'),
(18, 2, 6, 3, '2023-04-08'),
(19, 2, 7, NULL, '2023-04-08'),
(20, 2, 8, NULL, '2023-04-08'),
(21, 2, 9, NULL, '2023-04-08'),
(22, 2, 10, NULL, '2023-04-08'),
(23, 2, 11, NULL, '2023-04-08'),
(24, 2, 12, NULL, '2023-04-08'),
(25, 3, 1, NULL, '2023-04-08'),
(26, 3, 2, NULL, '2023-04-08'),
(27, 3, 3, NULL, '2023-04-08'),
(28, 3, 4, NULL, '2023-04-08'),
(29, 3, 5, NULL, '2023-04-08'),
(30, 3, 6, NULL, '2023-04-08'),
(31, 3, 7, NULL, '2023-04-08'),
(32, 3, 8, 3, '2023-04-08'),
(33, 3, 9, 3, '2023-04-08'),
(34, 3, 10, 3, '2023-04-08'),
(35, 3, 11, 5, '2023-04-08'),
(36, 3, 12, 5, '2023-04-08'),
(37, 4, 1, 6, '2023-04-08'),
(38, 4, 2, 6, '2023-04-08'),
(39, 4, 3, 6, '2023-04-08'),
(40, 4, 4, 6, '2023-04-08'),
(41, 4, 5, NULL, '2023-04-08'),
(42, 4, 6, 4, '2023-04-08'),
(43, 4, 7, 4, '2023-04-08'),
(44, 4, 8, 4, '2023-04-08'),
(45, 4, 9, 4, '2023-04-08'),
(46, 4, 10, NULL, '2023-04-08'),
(47, 4, 11, NULL, '2023-04-08'),
(48, 4, 12, NULL, '2023-04-08'),
(49, 5, 1, NULL, '2023-04-08'),
(50, 5, 2, NULL, '2023-04-08'),
(51, 5, 3, 7, '2023-04-08'),
(52, 5, 4, 7, '2023-04-08'),
(53, 5, 5, 7, '2023-04-08'),
(54, 5, 6, NULL, '2023-04-08'),
(55, 5, 7, NULL, '2023-04-08'),
(56, 5, 8, NULL, '2023-04-08'),
(57, 5, 9, NULL, '2023-04-08'),
(58, 5, 10, NULL, '2023-04-08'),
(59, 5, 11, NULL, '2023-04-08'),
(60, 5, 12, NULL, '2023-04-08'),
(61, 1, 1, NULL, '2023-04-09'),
(62, 1, 2, NULL, '2023-04-09'),
(63, 1, 3, 1, '2023-04-09'),
(64, 1, 4, 1, '2023-04-09'),
(65, 1, 5, 1, '2023-04-09'),
(66, 1, 6, 1, '2023-04-09'),
(67, 1, 7, NULL, '2023-04-09'),
(68, 1, 8, NULL, '2023-04-09'),
(69, 1, 9, NULL, '2023-04-09'),
(70, 1, 10, NULL, '2023-04-09'),
(71, 1, 11, 8, '2023-04-09'),
(72, 1, 12, 8, '2023-04-09'),
(73, 2, 1, 8, '2023-04-09'),
(74, 2, 2, NULL, '2023-04-09'),
(75, 2, 3, NULL, '2023-04-09'),
(76, 2, 4, NULL, '2023-04-09'),
(77, 2, 5, NULL, '2023-04-09'),
(78, 2, 6, NULL, '2023-04-09'),
(79, 2, 7, NULL, '2023-04-09'),
(80, 2, 8, NULL, '2023-04-09'),
(81, 2, 9, NULL, '2023-04-09'),
(82, 2, 10, NULL, '2023-04-09'),
(83, 2, 11, NULL, '2023-04-09'),
(84, 2, 12, NULL, '2023-04-09'),
(85, 3, 1, NULL, '2023-04-09'),
(86, 3, 2, NULL, '2023-04-09'),
(87, 3, 3, NULL, '2023-04-09'),
(88, 3, 4, NULL, '2023-04-09'),
(89, 3, 5, 9, '2023-04-09'),
(90, 3, 6, 9, '2023-04-09'),
(91, 3, 7, 9, '2023-04-09'),
(92, 3, 8, NULL, '2023-04-09'),
(93, 3, 9, NULL, '2023-04-09'),
(94, 3, 10, NULL, '2023-04-09'),
(95, 3, 11, NULL, '2023-04-09'),
(96, 3, 12, NULL, '2023-04-09'),
(97, 4, 1, NULL, '2023-04-09'),
(98, 4, 2, NULL, '2023-04-09'),
(99, 4, 3, NULL, '2023-04-09'),
(100, 4, 4, NULL, '2023-04-09'),
(101, 4, 5, NULL, '2023-04-09'),
(102, 4, 6, NULL, '2023-04-09'),
(103, 4, 7, NULL, '2023-04-09'),
(104, 4, 8, NULL, '2023-04-09'),
(105, 4, 9, NULL, '2023-04-09'),
(106, 4, 10, NULL, '2023-04-09'),
(107, 4, 11, NULL, '2023-04-09'),
(108, 4, 12, NULL, '2023-04-09'),
(109, 5, 1, NULL, '2023-04-09'),
(110, 5, 2, NULL, '2023-04-09'),
(111, 5, 3, NULL, '2023-04-09'),
(112, 5, 4, NULL, '2023-04-09'),
(113, 5, 5, NULL, '2023-04-09'),
(114, 5, 6, NULL, '2023-04-09'),
(115, 5, 7, NULL, '2023-04-09'),
(116, 5, 8, NULL, '2023-04-09'),
(117, 5, 9, NULL, '2023-04-09'),
(118, 5, 10, NULL, '2023-04-09'),
(119, 5, 11, NULL, '2023-04-09'),
(120, 5, 12, NULL, '2023-04-09'),
(121, 1, 1, NULL, '2023-04-10'),
(122, 1, 2, NULL, '2023-04-10'),
(123, 1, 3, NULL, '2023-04-10'),
(124, 1, 4, NULL, '2023-04-10'),
(125, 1, 5, NULL, '2023-04-10'),
(126, 1, 6, NULL, '2023-04-10'),
(127, 1, 7, NULL, '2023-04-10'),
(128, 1, 8, NULL, '2023-04-10'),
(129, 1, 9, NULL, '2023-04-10'),
(130, 1, 10, NULL, '2023-04-10'),
(131, 1, 11, NULL, '2023-04-10'),
(132, 1, 12, NULL, '2023-04-10'),
(133, 2, 1, NULL, '2023-04-10'),
(134, 2, 2, NULL, '2023-04-10'),
(135, 2, 3, NULL, '2023-04-10'),
(136, 2, 4, NULL, '2023-04-10'),
(137, 2, 5, NULL, '2023-04-10'),
(138, 2, 6, NULL, '2023-04-10'),
(139, 2, 7, NULL, '2023-04-10'),
(140, 2, 8, NULL, '2023-04-10'),
(141, 2, 9, NULL, '2023-04-10'),
(142, 2, 10, NULL, '2023-04-10'),
(143, 2, 11, NULL, '2023-04-10'),
(144, 2, 12, NULL, '2023-04-10'),
(145, 3, 1, NULL, '2023-04-10'),
(146, 3, 2, NULL, '2023-04-10'),
(147, 3, 3, NULL, '2023-04-10'),
(148, 3, 4, NULL, '2023-04-10'),
(149, 3, 5, NULL, '2023-04-10'),
(150, 3, 6, NULL, '2023-04-10'),
(151, 3, 7, NULL, '2023-04-10'),
(152, 3, 8, NULL, '2023-04-10'),
(153, 3, 9, NULL, '2023-04-10'),
(154, 3, 10, NULL, '2023-04-10'),
(155, 3, 11, NULL, '2023-04-10'),
(156, 3, 12, NULL, '2023-04-10'),
(157, 4, 1, NULL, '2023-04-10'),
(158, 4, 2, NULL, '2023-04-10'),
(159, 4, 3, NULL, '2023-04-10'),
(160, 4, 4, NULL, '2023-04-10'),
(161, 4, 5, NULL, '2023-04-10'),
(162, 4, 6, NULL, '2023-04-10'),
(163, 4, 7, NULL, '2023-04-10'),
(164, 4, 8, NULL, '2023-04-10'),
(165, 4, 9, NULL, '2023-04-10'),
(166, 4, 10, NULL, '2023-04-10'),
(167, 4, 11, NULL, '2023-04-10'),
(168, 4, 12, NULL, '2023-04-10'),
(169, 5, 1, NULL, '2023-04-10'),
(170, 5, 2, NULL, '2023-04-10'),
(171, 5, 3, NULL, '2023-04-10'),
(172, 5, 4, NULL, '2023-04-10'),
(173, 5, 5, NULL, '2023-04-10'),
(174, 5, 6, NULL, '2023-04-10'),
(175, 5, 7, NULL, '2023-04-10'),
(176, 5, 8, NULL, '2023-04-10'),
(177, 5, 9, NULL, '2023-04-10'),
(178, 5, 10, NULL, '2023-04-10'),
(179, 5, 11, NULL, '2023-04-10'),
(180, 5, 12, NULL, '2023-04-10'),
(181, 1, 1, NULL, '2023-04-11'),
(182, 1, 2, NULL, '2023-04-11'),
(183, 1, 3, NULL, '2023-04-11'),
(184, 1, 4, NULL, '2023-04-11'),
(185, 1, 5, NULL, '2023-04-11'),
(186, 1, 6, NULL, '2023-04-11'),
(187, 1, 7, NULL, '2023-04-11'),
(188, 1, 8, NULL, '2023-04-11'),
(189, 1, 9, NULL, '2023-04-11'),
(190, 1, 10, NULL, '2023-04-11'),
(191, 1, 11, NULL, '2023-04-11'),
(192, 1, 12, NULL, '2023-04-11'),
(193, 2, 1, NULL, '2023-04-11'),
(194, 2, 2, NULL, '2023-04-11'),
(195, 2, 3, NULL, '2023-04-11'),
(196, 2, 4, NULL, '2023-04-11'),
(197, 2, 5, NULL, '2023-04-11'),
(198, 2, 6, NULL, '2023-04-11'),
(199, 2, 7, NULL, '2023-04-11'),
(200, 2, 8, NULL, '2023-04-11'),
(201, 2, 9, NULL, '2023-04-11'),
(202, 2, 10, NULL, '2023-04-11'),
(203, 2, 11, NULL, '2023-04-11'),
(204, 2, 12, NULL, '2023-04-11'),
(205, 3, 1, NULL, '2023-04-11'),
(206, 3, 2, NULL, '2023-04-11'),
(207, 3, 3, NULL, '2023-04-11'),
(208, 3, 4, NULL, '2023-04-11'),
(209, 3, 5, NULL, '2023-04-11'),
(210, 3, 6, NULL, '2023-04-11'),
(211, 3, 7, NULL, '2023-04-11'),
(212, 3, 8, NULL, '2023-04-11'),
(213, 3, 9, NULL, '2023-04-11'),
(214, 3, 10, NULL, '2023-04-11'),
(215, 3, 11, NULL, '2023-04-11'),
(216, 3, 12, NULL, '2023-04-11'),
(217, 4, 1, NULL, '2023-04-11'),
(218, 4, 2, NULL, '2023-04-11'),
(219, 4, 3, NULL, '2023-04-11'),
(220, 4, 4, NULL, '2023-04-11'),
(221, 4, 5, NULL, '2023-04-11'),
(222, 4, 6, NULL, '2023-04-11'),
(223, 4, 7, NULL, '2023-04-11'),
(224, 4, 8, NULL, '2023-04-11'),
(225, 4, 9, NULL, '2023-04-11'),
(226, 4, 10, NULL, '2023-04-11'),
(227, 4, 11, NULL, '2023-04-11'),
(228, 4, 12, NULL, '2023-04-11'),
(229, 5, 1, NULL, '2023-04-11'),
(230, 5, 2, NULL, '2023-04-11'),
(231, 5, 3, NULL, '2023-04-11'),
(232, 5, 4, NULL, '2023-04-11'),
(233, 5, 5, NULL, '2023-04-11'),
(234, 5, 6, NULL, '2023-04-11'),
(235, 5, 7, NULL, '2023-04-11'),
(236, 5, 8, NULL, '2023-04-11'),
(237, 5, 9, NULL, '2023-04-11'),
(238, 5, 10, NULL, '2023-04-11'),
(239, 5, 11, NULL, '2023-04-11'),
(240, 5, 12, NULL, '2023-04-11'),
(241, 1, 1, NULL, '2023-04-12'),
(242, 1, 2, NULL, '2023-04-12'),
(243, 1, 3, NULL, '2023-04-12'),
(244, 1, 4, NULL, '2023-04-12'),
(245, 1, 5, NULL, '2023-04-12'),
(246, 1, 6, NULL, '2023-04-12'),
(247, 1, 7, NULL, '2023-04-12'),
(248, 1, 8, NULL, '2023-04-12'),
(249, 1, 9, NULL, '2023-04-12'),
(250, 1, 10, NULL, '2023-04-12'),
(251, 1, 11, NULL, '2023-04-12'),
(252, 1, 12, NULL, '2023-04-12'),
(253, 2, 1, NULL, '2023-04-12'),
(254, 2, 2, NULL, '2023-04-12'),
(255, 2, 3, NULL, '2023-04-12'),
(256, 2, 4, NULL, '2023-04-12'),
(257, 2, 5, NULL, '2023-04-12'),
(258, 2, 6, NULL, '2023-04-12'),
(259, 2, 7, NULL, '2023-04-12'),
(260, 2, 8, NULL, '2023-04-12'),
(261, 2, 9, NULL, '2023-04-12'),
(262, 2, 10, NULL, '2023-04-12'),
(263, 2, 11, NULL, '2023-04-12'),
(264, 2, 12, NULL, '2023-04-12'),
(265, 3, 1, NULL, '2023-04-12'),
(266, 3, 2, NULL, '2023-04-12'),
(267, 3, 3, NULL, '2023-04-12'),
(268, 3, 4, NULL, '2023-04-12'),
(269, 3, 5, NULL, '2023-04-12'),
(270, 3, 6, NULL, '2023-04-12'),
(271, 3, 7, NULL, '2023-04-12'),
(272, 3, 8, NULL, '2023-04-12'),
(273, 3, 9, NULL, '2023-04-12'),
(274, 3, 10, NULL, '2023-04-12'),
(275, 3, 11, NULL, '2023-04-12'),
(276, 3, 12, NULL, '2023-04-12'),
(277, 4, 1, NULL, '2023-04-12'),
(278, 4, 2, NULL, '2023-04-12'),
(279, 4, 3, NULL, '2023-04-12'),
(280, 4, 4, NULL, '2023-04-12'),
(281, 4, 5, NULL, '2023-04-12'),
(282, 4, 6, NULL, '2023-04-12'),
(283, 4, 7, NULL, '2023-04-12'),
(284, 4, 8, NULL, '2023-04-12'),
(285, 4, 9, NULL, '2023-04-12'),
(286, 4, 10, NULL, '2023-04-12'),
(287, 4, 11, NULL, '2023-04-12'),
(288, 4, 12, NULL, '2023-04-12'),
(289, 5, 1, NULL, '2023-04-12'),
(290, 5, 2, NULL, '2023-04-12'),
(291, 5, 3, NULL, '2023-04-12'),
(292, 5, 4, NULL, '2023-04-12'),
(293, 5, 5, NULL, '2023-04-12'),
(294, 5, 6, NULL, '2023-04-12'),
(295, 5, 7, NULL, '2023-04-12'),
(296, 5, 8, NULL, '2023-04-12'),
(297, 5, 9, NULL, '2023-04-12'),
(298, 5, 10, NULL, '2023-04-12'),
(299, 5, 11, NULL, '2023-04-12'),
(300, 5, 12, NULL, '2023-04-12'),
(301, 1, 1, NULL, '2023-04-13'),
(302, 1, 2, NULL, '2023-04-13'),
(303, 1, 3, NULL, '2023-04-13'),
(304, 1, 4, NULL, '2023-04-13'),
(305, 1, 5, NULL, '2023-04-13'),
(306, 1, 6, NULL, '2023-04-13'),
(307, 1, 7, NULL, '2023-04-13'),
(308, 1, 8, NULL, '2023-04-13'),
(309, 1, 9, NULL, '2023-04-13'),
(310, 1, 10, NULL, '2023-04-13'),
(311, 1, 11, NULL, '2023-04-13'),
(312, 1, 12, NULL, '2023-04-13'),
(313, 2, 1, NULL, '2023-04-13'),
(314, 2, 2, NULL, '2023-04-13'),
(315, 2, 3, NULL, '2023-04-13'),
(316, 2, 4, NULL, '2023-04-13'),
(317, 2, 5, NULL, '2023-04-13'),
(318, 2, 6, NULL, '2023-04-13'),
(319, 2, 7, NULL, '2023-04-13'),
(320, 2, 8, NULL, '2023-04-13'),
(321, 2, 9, NULL, '2023-04-13'),
(322, 2, 10, NULL, '2023-04-13'),
(323, 2, 11, NULL, '2023-04-13'),
(324, 2, 12, NULL, '2023-04-13'),
(325, 3, 1, NULL, '2023-04-13'),
(326, 3, 2, NULL, '2023-04-13'),
(327, 3, 3, NULL, '2023-04-13'),
(328, 3, 4, NULL, '2023-04-13'),
(329, 3, 5, NULL, '2023-04-13'),
(330, 3, 6, NULL, '2023-04-13'),
(331, 3, 7, NULL, '2023-04-13'),
(332, 3, 8, NULL, '2023-04-13'),
(333, 3, 9, NULL, '2023-04-13'),
(334, 3, 10, NULL, '2023-04-13'),
(335, 3, 11, NULL, '2023-04-13'),
(336, 3, 12, NULL, '2023-04-13'),
(337, 4, 1, NULL, '2023-04-13'),
(338, 4, 2, NULL, '2023-04-13'),
(339, 4, 3, NULL, '2023-04-13'),
(340, 4, 4, NULL, '2023-04-13'),
(341, 4, 5, NULL, '2023-04-13'),
(342, 4, 6, NULL, '2023-04-13'),
(343, 4, 7, NULL, '2023-04-13'),
(344, 4, 8, NULL, '2023-04-13'),
(345, 4, 9, NULL, '2023-04-13'),
(346, 4, 10, NULL, '2023-04-13'),
(347, 4, 11, NULL, '2023-04-13'),
(348, 4, 12, NULL, '2023-04-13'),
(349, 5, 1, NULL, '2023-04-13'),
(350, 5, 2, NULL, '2023-04-13'),
(351, 5, 3, NULL, '2023-04-13'),
(352, 5, 4, NULL, '2023-04-13'),
(353, 5, 5, NULL, '2023-04-13'),
(354, 5, 6, NULL, '2023-04-13'),
(355, 5, 7, NULL, '2023-04-13'),
(356, 5, 8, NULL, '2023-04-13'),
(357, 5, 9, NULL, '2023-04-13'),
(358, 5, 10, NULL, '2023-04-13'),
(359, 5, 11, NULL, '2023-04-13'),
(360, 5, 12, NULL, '2023-04-13'),
(361, 1, 1, NULL, '2023-04-14'),
(362, 1, 2, NULL, '2023-04-14'),
(363, 1, 3, NULL, '2023-04-14'),
(364, 1, 4, NULL, '2023-04-14'),
(365, 1, 5, NULL, '2023-04-14'),
(366, 1, 6, NULL, '2023-04-14'),
(367, 1, 7, NULL, '2023-04-14'),
(368, 1, 8, NULL, '2023-04-14'),
(369, 1, 9, NULL, '2023-04-14'),
(370, 1, 10, NULL, '2023-04-14'),
(371, 1, 11, NULL, '2023-04-14'),
(372, 1, 12, NULL, '2023-04-14'),
(373, 2, 1, NULL, '2023-04-14'),
(374, 2, 2, NULL, '2023-04-14'),
(375, 2, 3, NULL, '2023-04-14'),
(376, 2, 4, NULL, '2023-04-14'),
(377, 2, 5, NULL, '2023-04-14'),
(378, 2, 6, NULL, '2023-04-14'),
(379, 2, 7, NULL, '2023-04-14'),
(380, 2, 8, NULL, '2023-04-14'),
(381, 2, 9, NULL, '2023-04-14'),
(382, 2, 10, NULL, '2023-04-14'),
(383, 2, 11, NULL, '2023-04-14'),
(384, 2, 12, NULL, '2023-04-14'),
(385, 3, 1, NULL, '2023-04-14'),
(386, 3, 2, NULL, '2023-04-14'),
(387, 3, 3, NULL, '2023-04-14'),
(388, 3, 4, NULL, '2023-04-14'),
(389, 3, 5, NULL, '2023-04-14'),
(390, 3, 6, NULL, '2023-04-14'),
(391, 3, 7, NULL, '2023-04-14'),
(392, 3, 8, NULL, '2023-04-14'),
(393, 3, 9, NULL, '2023-04-14'),
(394, 3, 10, NULL, '2023-04-14'),
(395, 3, 11, NULL, '2023-04-14'),
(396, 3, 12, NULL, '2023-04-14'),
(397, 4, 1, NULL, '2023-04-14'),
(398, 4, 2, NULL, '2023-04-14'),
(399, 4, 3, NULL, '2023-04-14'),
(400, 4, 4, NULL, '2023-04-14'),
(401, 4, 5, NULL, '2023-04-14'),
(402, 4, 6, NULL, '2023-04-14'),
(403, 4, 7, NULL, '2023-04-14'),
(404, 4, 8, NULL, '2023-04-14'),
(405, 4, 9, NULL, '2023-04-14'),
(406, 4, 10, NULL, '2023-04-14'),
(407, 4, 11, NULL, '2023-04-14'),
(408, 4, 12, NULL, '2023-04-14'),
(409, 5, 1, NULL, '2023-04-14'),
(410, 5, 2, NULL, '2023-04-14'),
(411, 5, 3, NULL, '2023-04-14'),
(412, 5, 4, NULL, '2023-04-14'),
(413, 5, 5, NULL, '2023-04-14'),
(414, 5, 6, NULL, '2023-04-14'),
(415, 5, 7, NULL, '2023-04-14'),
(416, 5, 8, NULL, '2023-04-14'),
(417, 5, 9, NULL, '2023-04-14'),
(418, 5, 10, NULL, '2023-04-14'),
(419, 5, 11, NULL, '2023-04-14'),
(420, 5, 12, NULL, '2023-04-14'),
(421, 1, 1, NULL, '2023-04-15'),
(422, 1, 2, NULL, '2023-04-15'),
(423, 1, 3, NULL, '2023-04-15'),
(424, 1, 4, NULL, '2023-04-15'),
(425, 1, 5, NULL, '2023-04-15'),
(426, 1, 6, NULL, '2023-04-15'),
(427, 1, 7, NULL, '2023-04-15'),
(428, 1, 8, NULL, '2023-04-15'),
(429, 1, 9, NULL, '2023-04-15'),
(430, 1, 10, NULL, '2023-04-15'),
(431, 1, 11, NULL, '2023-04-15'),
(432, 1, 12, NULL, '2023-04-15'),
(433, 2, 1, NULL, '2023-04-15'),
(434, 2, 2, NULL, '2023-04-15'),
(435, 2, 3, NULL, '2023-04-15'),
(436, 2, 4, NULL, '2023-04-15'),
(437, 2, 5, NULL, '2023-04-15'),
(438, 2, 6, NULL, '2023-04-15'),
(439, 2, 7, NULL, '2023-04-15'),
(440, 2, 8, NULL, '2023-04-15'),
(441, 2, 9, NULL, '2023-04-15'),
(442, 2, 10, NULL, '2023-04-15'),
(443, 2, 11, NULL, '2023-04-15'),
(444, 2, 12, NULL, '2023-04-15'),
(445, 3, 1, NULL, '2023-04-15'),
(446, 3, 2, NULL, '2023-04-15'),
(447, 3, 3, NULL, '2023-04-15'),
(448, 3, 4, NULL, '2023-04-15'),
(449, 3, 5, NULL, '2023-04-15'),
(450, 3, 6, NULL, '2023-04-15'),
(451, 3, 7, NULL, '2023-04-15'),
(452, 3, 8, NULL, '2023-04-15'),
(453, 3, 9, NULL, '2023-04-15'),
(454, 3, 10, NULL, '2023-04-15'),
(455, 3, 11, NULL, '2023-04-15'),
(456, 3, 12, NULL, '2023-04-15'),
(457, 4, 1, NULL, '2023-04-15'),
(458, 4, 2, NULL, '2023-04-15'),
(459, 4, 3, NULL, '2023-04-15'),
(460, 4, 4, NULL, '2023-04-15'),
(461, 4, 5, NULL, '2023-04-15'),
(462, 4, 6, NULL, '2023-04-15'),
(463, 4, 7, NULL, '2023-04-15'),
(464, 4, 8, NULL, '2023-04-15'),
(465, 4, 9, NULL, '2023-04-15'),
(466, 4, 10, NULL, '2023-04-15'),
(467, 4, 11, NULL, '2023-04-15'),
(468, 4, 12, NULL, '2023-04-15'),
(469, 5, 1, NULL, '2023-04-15'),
(470, 5, 2, NULL, '2023-04-15'),
(471, 5, 3, NULL, '2023-04-15'),
(472, 5, 4, NULL, '2023-04-15'),
(473, 5, 5, NULL, '2023-04-15'),
(474, 5, 6, NULL, '2023-04-15'),
(475, 5, 7, NULL, '2023-04-15'),
(476, 5, 8, NULL, '2023-04-15'),
(477, 5, 9, NULL, '2023-04-15'),
(478, 5, 10, NULL, '2023-04-15'),
(479, 5, 11, NULL, '2023-04-15'),
(480, 5, 12, NULL, '2023-04-15'),
(481, 1, 1, NULL, '2023-04-16'),
(482, 1, 2, NULL, '2023-04-16'),
(483, 1, 3, NULL, '2023-04-16'),
(484, 1, 4, NULL, '2023-04-16'),
(485, 1, 5, NULL, '2023-04-16'),
(486, 1, 6, NULL, '2023-04-16'),
(487, 1, 7, NULL, '2023-04-16'),
(488, 1, 8, NULL, '2023-04-16'),
(489, 1, 9, NULL, '2023-04-16'),
(490, 1, 10, NULL, '2023-04-16'),
(491, 1, 11, NULL, '2023-04-16'),
(492, 1, 12, NULL, '2023-04-16'),
(493, 2, 1, NULL, '2023-04-16'),
(494, 2, 2, NULL, '2023-04-16'),
(495, 2, 3, NULL, '2023-04-16'),
(496, 2, 4, NULL, '2023-04-16'),
(497, 2, 5, NULL, '2023-04-16'),
(498, 2, 6, NULL, '2023-04-16'),
(499, 2, 7, NULL, '2023-04-16'),
(500, 2, 8, NULL, '2023-04-16'),
(501, 2, 9, NULL, '2023-04-16'),
(502, 2, 10, NULL, '2023-04-16'),
(503, 2, 11, NULL, '2023-04-16'),
(504, 2, 12, NULL, '2023-04-16'),
(505, 3, 1, NULL, '2023-04-16'),
(506, 3, 2, NULL, '2023-04-16'),
(507, 3, 3, NULL, '2023-04-16'),
(508, 3, 4, NULL, '2023-04-16'),
(509, 3, 5, NULL, '2023-04-16'),
(510, 3, 6, NULL, '2023-04-16'),
(511, 3, 7, NULL, '2023-04-16'),
(512, 3, 8, NULL, '2023-04-16'),
(513, 3, 9, NULL, '2023-04-16'),
(514, 3, 10, NULL, '2023-04-16'),
(515, 3, 11, NULL, '2023-04-16'),
(516, 3, 12, NULL, '2023-04-16'),
(517, 4, 1, NULL, '2023-04-16'),
(518, 4, 2, NULL, '2023-04-16'),
(519, 4, 3, NULL, '2023-04-16'),
(520, 4, 4, NULL, '2023-04-16'),
(521, 4, 5, NULL, '2023-04-16'),
(522, 4, 6, NULL, '2023-04-16'),
(523, 4, 7, NULL, '2023-04-16'),
(524, 4, 8, NULL, '2023-04-16'),
(525, 4, 9, NULL, '2023-04-16'),
(526, 4, 10, NULL, '2023-04-16'),
(527, 4, 11, NULL, '2023-04-16'),
(528, 4, 12, NULL, '2023-04-16'),
(529, 5, 1, NULL, '2023-04-16'),
(530, 5, 2, NULL, '2023-04-16'),
(531, 5, 3, NULL, '2023-04-16'),
(532, 5, 4, NULL, '2023-04-16'),
(533, 5, 5, NULL, '2023-04-16'),
(534, 5, 6, NULL, '2023-04-16'),
(535, 5, 7, NULL, '2023-04-16'),
(536, 5, 8, NULL, '2023-04-16'),
(537, 5, 9, NULL, '2023-04-16'),
(538, 5, 10, NULL, '2023-04-16'),
(539, 5, 11, NULL, '2023-04-16'),
(540, 5, 12, NULL, '2023-04-16'),
(541, 1, 1, NULL, '2023-04-17'),
(542, 1, 2, NULL, '2023-04-17'),
(543, 1, 3, NULL, '2023-04-17'),
(544, 1, 4, NULL, '2023-04-17'),
(545, 1, 5, NULL, '2023-04-17'),
(546, 1, 6, NULL, '2023-04-17'),
(547, 1, 7, NULL, '2023-04-17'),
(548, 1, 8, NULL, '2023-04-17'),
(549, 1, 9, NULL, '2023-04-17'),
(550, 1, 10, NULL, '2023-04-17'),
(551, 1, 11, NULL, '2023-04-17'),
(552, 1, 12, NULL, '2023-04-17'),
(553, 2, 1, NULL, '2023-04-17'),
(554, 2, 2, NULL, '2023-04-17'),
(555, 2, 3, NULL, '2023-04-17'),
(556, 2, 4, NULL, '2023-04-17'),
(557, 2, 5, NULL, '2023-04-17'),
(558, 2, 6, NULL, '2023-04-17'),
(559, 2, 7, NULL, '2023-04-17'),
(560, 2, 8, NULL, '2023-04-17'),
(561, 2, 9, NULL, '2023-04-17'),
(562, 2, 10, NULL, '2023-04-17'),
(563, 2, 11, NULL, '2023-04-17'),
(564, 2, 12, NULL, '2023-04-17'),
(565, 3, 1, NULL, '2023-04-17'),
(566, 3, 2, NULL, '2023-04-17'),
(567, 3, 3, NULL, '2023-04-17'),
(568, 3, 4, NULL, '2023-04-17'),
(569, 3, 5, NULL, '2023-04-17'),
(570, 3, 6, NULL, '2023-04-17'),
(571, 3, 7, NULL, '2023-04-17'),
(572, 3, 8, NULL, '2023-04-17'),
(573, 3, 9, NULL, '2023-04-17'),
(574, 3, 10, NULL, '2023-04-17'),
(575, 3, 11, NULL, '2023-04-17'),
(576, 3, 12, NULL, '2023-04-17'),
(577, 4, 1, NULL, '2023-04-17'),
(578, 4, 2, NULL, '2023-04-17'),
(579, 4, 3, NULL, '2023-04-17'),
(580, 4, 4, NULL, '2023-04-17'),
(581, 4, 5, NULL, '2023-04-17'),
(582, 4, 6, NULL, '2023-04-17'),
(583, 4, 7, NULL, '2023-04-17'),
(584, 4, 8, NULL, '2023-04-17'),
(585, 4, 9, NULL, '2023-04-17'),
(586, 4, 10, NULL, '2023-04-17'),
(587, 4, 11, NULL, '2023-04-17'),
(588, 4, 12, NULL, '2023-04-17'),
(589, 5, 1, NULL, '2023-04-17'),
(590, 5, 2, NULL, '2023-04-17'),
(591, 5, 3, NULL, '2023-04-17'),
(592, 5, 4, NULL, '2023-04-17'),
(593, 5, 5, NULL, '2023-04-17'),
(594, 5, 6, NULL, '2023-04-17'),
(595, 5, 7, NULL, '2023-04-17'),
(596, 5, 8, NULL, '2023-04-17'),
(597, 5, 9, NULL, '2023-04-17'),
(598, 5, 10, NULL, '2023-04-17'),
(599, 5, 11, NULL, '2023-04-17'),
(600, 5, 12, NULL, '2023-04-17'),
(601, 1, 1, NULL, '2023-04-18'),
(602, 1, 2, NULL, '2023-04-18'),
(603, 1, 3, NULL, '2023-04-18'),
(604, 1, 4, NULL, '2023-04-18'),
(605, 1, 5, NULL, '2023-04-18'),
(606, 1, 6, NULL, '2023-04-18'),
(607, 1, 7, NULL, '2023-04-18'),
(608, 1, 8, NULL, '2023-04-18'),
(609, 1, 9, NULL, '2023-04-18'),
(610, 1, 10, NULL, '2023-04-18'),
(611, 1, 11, NULL, '2023-04-18'),
(612, 1, 12, NULL, '2023-04-18'),
(613, 2, 1, NULL, '2023-04-18'),
(614, 2, 2, NULL, '2023-04-18'),
(615, 2, 3, NULL, '2023-04-18'),
(616, 2, 4, NULL, '2023-04-18'),
(617, 2, 5, NULL, '2023-04-18'),
(618, 2, 6, NULL, '2023-04-18'),
(619, 2, 7, NULL, '2023-04-18'),
(620, 2, 8, NULL, '2023-04-18'),
(621, 2, 9, NULL, '2023-04-18'),
(622, 2, 10, NULL, '2023-04-18'),
(623, 2, 11, NULL, '2023-04-18'),
(624, 2, 12, NULL, '2023-04-18'),
(625, 3, 1, NULL, '2023-04-18'),
(626, 3, 2, NULL, '2023-04-18'),
(627, 3, 3, NULL, '2023-04-18'),
(628, 3, 4, NULL, '2023-04-18'),
(629, 3, 5, NULL, '2023-04-18'),
(630, 3, 6, NULL, '2023-04-18'),
(631, 3, 7, NULL, '2023-04-18'),
(632, 3, 8, NULL, '2023-04-18'),
(633, 3, 9, NULL, '2023-04-18'),
(634, 3, 10, NULL, '2023-04-18'),
(635, 3, 11, NULL, '2023-04-18'),
(636, 3, 12, NULL, '2023-04-18'),
(637, 4, 1, NULL, '2023-04-18'),
(638, 4, 2, NULL, '2023-04-18'),
(639, 4, 3, NULL, '2023-04-18'),
(640, 4, 4, NULL, '2023-04-18'),
(641, 4, 5, NULL, '2023-04-18'),
(642, 4, 6, NULL, '2023-04-18'),
(643, 4, 7, NULL, '2023-04-18'),
(644, 4, 8, NULL, '2023-04-18'),
(645, 4, 9, NULL, '2023-04-18'),
(646, 4, 10, NULL, '2023-04-18'),
(647, 4, 11, NULL, '2023-04-18'),
(648, 4, 12, NULL, '2023-04-18'),
(649, 5, 1, NULL, '2023-04-18'),
(650, 5, 2, NULL, '2023-04-18'),
(651, 5, 3, NULL, '2023-04-18'),
(652, 5, 4, NULL, '2023-04-18'),
(653, 5, 5, NULL, '2023-04-18'),
(654, 5, 6, NULL, '2023-04-18'),
(655, 5, 7, NULL, '2023-04-18'),
(656, 5, 8, NULL, '2023-04-18'),
(657, 5, 9, NULL, '2023-04-18'),
(658, 5, 10, NULL, '2023-04-18'),
(659, 5, 11, NULL, '2023-04-18'),
(660, 5, 12, NULL, '2023-04-18'),
(661, 1, 1, NULL, '2023-04-19'),
(662, 1, 2, NULL, '2023-04-19'),
(663, 1, 3, NULL, '2023-04-19'),
(664, 1, 4, NULL, '2023-04-19'),
(665, 1, 5, NULL, '2023-04-19'),
(666, 1, 6, NULL, '2023-04-19'),
(667, 1, 7, NULL, '2023-04-19'),
(668, 1, 8, NULL, '2023-04-19'),
(669, 1, 9, NULL, '2023-04-19'),
(670, 1, 10, NULL, '2023-04-19'),
(671, 1, 11, NULL, '2023-04-19'),
(672, 1, 12, NULL, '2023-04-19'),
(673, 2, 1, NULL, '2023-04-19'),
(674, 2, 2, NULL, '2023-04-19'),
(675, 2, 3, NULL, '2023-04-19'),
(676, 2, 4, NULL, '2023-04-19'),
(677, 2, 5, NULL, '2023-04-19'),
(678, 2, 6, NULL, '2023-04-19'),
(679, 2, 7, NULL, '2023-04-19'),
(680, 2, 8, NULL, '2023-04-19'),
(681, 2, 9, NULL, '2023-04-19'),
(682, 2, 10, NULL, '2023-04-19'),
(683, 2, 11, NULL, '2023-04-19'),
(684, 2, 12, NULL, '2023-04-19'),
(685, 3, 1, NULL, '2023-04-19'),
(686, 3, 2, NULL, '2023-04-19'),
(687, 3, 3, NULL, '2023-04-19'),
(688, 3, 4, NULL, '2023-04-19'),
(689, 3, 5, NULL, '2023-04-19'),
(690, 3, 6, NULL, '2023-04-19'),
(691, 3, 7, NULL, '2023-04-19'),
(692, 3, 8, NULL, '2023-04-19'),
(693, 3, 9, NULL, '2023-04-19'),
(694, 3, 10, NULL, '2023-04-19'),
(695, 3, 11, NULL, '2023-04-19'),
(696, 3, 12, NULL, '2023-04-19'),
(697, 4, 1, NULL, '2023-04-19'),
(698, 4, 2, NULL, '2023-04-19'),
(699, 4, 3, NULL, '2023-04-19'),
(700, 4, 4, NULL, '2023-04-19'),
(701, 4, 5, NULL, '2023-04-19'),
(702, 4, 6, NULL, '2023-04-19'),
(703, 4, 7, NULL, '2023-04-19'),
(704, 4, 8, NULL, '2023-04-19'),
(705, 4, 9, NULL, '2023-04-19'),
(706, 4, 10, NULL, '2023-04-19'),
(707, 4, 11, NULL, '2023-04-19'),
(708, 4, 12, NULL, '2023-04-19'),
(709, 5, 1, NULL, '2023-04-19'),
(710, 5, 2, NULL, '2023-04-19'),
(711, 5, 3, NULL, '2023-04-19'),
(712, 5, 4, NULL, '2023-04-19'),
(713, 5, 5, NULL, '2023-04-19'),
(714, 5, 6, NULL, '2023-04-19'),
(715, 5, 7, NULL, '2023-04-19'),
(716, 5, 8, NULL, '2023-04-19'),
(717, 5, 9, NULL, '2023-04-19'),
(718, 5, 10, NULL, '2023-04-19'),
(719, 5, 11, NULL, '2023-04-19'),
(720, 5, 12, NULL, '2023-04-19'),
(721, 1, 1, NULL, '2023-04-20'),
(722, 1, 2, NULL, '2023-04-20'),
(723, 1, 3, NULL, '2023-04-20'),
(724, 1, 4, NULL, '2023-04-20'),
(725, 1, 5, NULL, '2023-04-20'),
(726, 1, 6, NULL, '2023-04-20'),
(727, 1, 7, NULL, '2023-04-20'),
(728, 1, 8, NULL, '2023-04-20'),
(729, 1, 9, NULL, '2023-04-20'),
(730, 1, 10, NULL, '2023-04-20'),
(731, 1, 11, NULL, '2023-04-20'),
(732, 1, 12, NULL, '2023-04-20'),
(733, 2, 1, NULL, '2023-04-20'),
(734, 2, 2, NULL, '2023-04-20'),
(735, 2, 3, NULL, '2023-04-20'),
(736, 2, 4, NULL, '2023-04-20'),
(737, 2, 5, NULL, '2023-04-20'),
(738, 2, 6, NULL, '2023-04-20'),
(739, 2, 7, NULL, '2023-04-20'),
(740, 2, 8, NULL, '2023-04-20'),
(741, 2, 9, NULL, '2023-04-20'),
(742, 2, 10, NULL, '2023-04-20'),
(743, 2, 11, NULL, '2023-04-20'),
(744, 2, 12, NULL, '2023-04-20'),
(745, 3, 1, NULL, '2023-04-20'),
(746, 3, 2, NULL, '2023-04-20'),
(747, 3, 3, NULL, '2023-04-20'),
(748, 3, 4, NULL, '2023-04-20'),
(749, 3, 5, NULL, '2023-04-20'),
(750, 3, 6, NULL, '2023-04-20'),
(751, 3, 7, NULL, '2023-04-20'),
(752, 3, 8, NULL, '2023-04-20'),
(753, 3, 9, NULL, '2023-04-20'),
(754, 3, 10, NULL, '2023-04-20'),
(755, 3, 11, NULL, '2023-04-20'),
(756, 3, 12, NULL, '2023-04-20'),
(757, 4, 1, NULL, '2023-04-20'),
(758, 4, 2, NULL, '2023-04-20'),
(759, 4, 3, NULL, '2023-04-20'),
(760, 4, 4, NULL, '2023-04-20'),
(761, 4, 5, NULL, '2023-04-20'),
(762, 4, 6, NULL, '2023-04-20'),
(763, 4, 7, NULL, '2023-04-20'),
(764, 4, 8, NULL, '2023-04-20'),
(765, 4, 9, NULL, '2023-04-20'),
(766, 4, 10, NULL, '2023-04-20'),
(767, 4, 11, NULL, '2023-04-20'),
(768, 4, 12, NULL, '2023-04-20'),
(769, 5, 1, NULL, '2023-04-20'),
(770, 5, 2, NULL, '2023-04-20'),
(771, 5, 3, NULL, '2023-04-20'),
(772, 5, 4, NULL, '2023-04-20'),
(773, 5, 5, NULL, '2023-04-20'),
(774, 5, 6, NULL, '2023-04-20'),
(775, 5, 7, NULL, '2023-04-20'),
(776, 5, 8, NULL, '2023-04-20'),
(777, 5, 9, NULL, '2023-04-20'),
(778, 5, 10, NULL, '2023-04-20'),
(779, 5, 11, NULL, '2023-04-20'),
(780, 5, 12, NULL, '2023-04-20'),
(781, 1, 1, NULL, '2023-04-21'),
(782, 1, 2, NULL, '2023-04-21'),
(783, 1, 3, NULL, '2023-04-21'),
(784, 1, 4, NULL, '2023-04-21'),
(785, 1, 5, NULL, '2023-04-21'),
(786, 1, 6, NULL, '2023-04-21'),
(787, 1, 7, NULL, '2023-04-21'),
(788, 1, 8, NULL, '2023-04-21'),
(789, 1, 9, NULL, '2023-04-21'),
(790, 1, 10, NULL, '2023-04-21'),
(791, 1, 11, NULL, '2023-04-21'),
(792, 1, 12, NULL, '2023-04-21'),
(793, 2, 1, NULL, '2023-04-21'),
(794, 2, 2, NULL, '2023-04-21'),
(795, 2, 3, NULL, '2023-04-21'),
(796, 2, 4, NULL, '2023-04-21'),
(797, 2, 5, NULL, '2023-04-21'),
(798, 2, 6, NULL, '2023-04-21'),
(799, 2, 7, NULL, '2023-04-21'),
(800, 2, 8, NULL, '2023-04-21'),
(801, 2, 9, NULL, '2023-04-21'),
(802, 2, 10, NULL, '2023-04-21'),
(803, 2, 11, NULL, '2023-04-21'),
(804, 2, 12, NULL, '2023-04-21'),
(805, 3, 1, NULL, '2023-04-21'),
(806, 3, 2, NULL, '2023-04-21'),
(807, 3, 3, NULL, '2023-04-21'),
(808, 3, 4, NULL, '2023-04-21'),
(809, 3, 5, NULL, '2023-04-21'),
(810, 3, 6, NULL, '2023-04-21'),
(811, 3, 7, NULL, '2023-04-21'),
(812, 3, 8, NULL, '2023-04-21'),
(813, 3, 9, NULL, '2023-04-21'),
(814, 3, 10, NULL, '2023-04-21'),
(815, 3, 11, NULL, '2023-04-21'),
(816, 3, 12, NULL, '2023-04-21'),
(817, 4, 1, NULL, '2023-04-21'),
(818, 4, 2, NULL, '2023-04-21'),
(819, 4, 3, NULL, '2023-04-21'),
(820, 4, 4, NULL, '2023-04-21'),
(821, 4, 5, NULL, '2023-04-21'),
(822, 4, 6, NULL, '2023-04-21'),
(823, 4, 7, NULL, '2023-04-21'),
(824, 4, 8, NULL, '2023-04-21'),
(825, 4, 9, NULL, '2023-04-21'),
(826, 4, 10, NULL, '2023-04-21'),
(827, 4, 11, NULL, '2023-04-21'),
(828, 4, 12, NULL, '2023-04-21'),
(829, 5, 1, NULL, '2023-04-21'),
(830, 5, 2, NULL, '2023-04-21'),
(831, 5, 3, NULL, '2023-04-21'),
(832, 5, 4, NULL, '2023-04-21'),
(833, 5, 5, NULL, '2023-04-21'),
(834, 5, 6, NULL, '2023-04-21'),
(835, 5, 7, NULL, '2023-04-21'),
(836, 5, 8, NULL, '2023-04-21'),
(837, 5, 9, NULL, '2023-04-21'),
(838, 5, 10, NULL, '2023-04-21'),
(839, 5, 11, NULL, '2023-04-21'),
(840, 5, 12, NULL, '2023-04-21'),
(841, 1, 1, NULL, '2023-04-22'),
(842, 1, 2, NULL, '2023-04-22'),
(843, 1, 3, NULL, '2023-04-22'),
(844, 1, 4, NULL, '2023-04-22'),
(845, 1, 5, NULL, '2023-04-22'),
(846, 1, 6, NULL, '2023-04-22'),
(847, 1, 7, NULL, '2023-04-22'),
(848, 1, 8, NULL, '2023-04-22'),
(849, 1, 9, NULL, '2023-04-22'),
(850, 1, 10, NULL, '2023-04-22'),
(851, 1, 11, NULL, '2023-04-22'),
(852, 1, 12, NULL, '2023-04-22'),
(853, 2, 1, NULL, '2023-04-22'),
(854, 2, 2, NULL, '2023-04-22'),
(855, 2, 3, NULL, '2023-04-22'),
(856, 2, 4, NULL, '2023-04-22'),
(857, 2, 5, NULL, '2023-04-22'),
(858, 2, 6, NULL, '2023-04-22'),
(859, 2, 7, NULL, '2023-04-22'),
(860, 2, 8, NULL, '2023-04-22'),
(861, 2, 9, NULL, '2023-04-22'),
(862, 2, 10, NULL, '2023-04-22'),
(863, 2, 11, NULL, '2023-04-22'),
(864, 2, 12, NULL, '2023-04-22'),
(865, 3, 1, NULL, '2023-04-22'),
(866, 3, 2, NULL, '2023-04-22'),
(867, 3, 3, NULL, '2023-04-22'),
(868, 3, 4, NULL, '2023-04-22'),
(869, 3, 5, NULL, '2023-04-22'),
(870, 3, 6, NULL, '2023-04-22'),
(871, 3, 7, NULL, '2023-04-22'),
(872, 3, 8, NULL, '2023-04-22'),
(873, 3, 9, NULL, '2023-04-22'),
(874, 3, 10, NULL, '2023-04-22'),
(875, 3, 11, NULL, '2023-04-22'),
(876, 3, 12, NULL, '2023-04-22'),
(877, 4, 1, NULL, '2023-04-22'),
(878, 4, 2, NULL, '2023-04-22'),
(879, 4, 3, NULL, '2023-04-22'),
(880, 4, 4, NULL, '2023-04-22'),
(881, 4, 5, NULL, '2023-04-22'),
(882, 4, 6, NULL, '2023-04-22'),
(883, 4, 7, NULL, '2023-04-22'),
(884, 4, 8, NULL, '2023-04-22'),
(885, 4, 9, NULL, '2023-04-22'),
(886, 4, 10, NULL, '2023-04-22'),
(887, 4, 11, NULL, '2023-04-22'),
(888, 4, 12, NULL, '2023-04-22'),
(889, 5, 1, NULL, '2023-04-22'),
(890, 5, 2, NULL, '2023-04-22'),
(891, 5, 3, NULL, '2023-04-22'),
(892, 5, 4, NULL, '2023-04-22'),
(893, 5, 5, NULL, '2023-04-22'),
(894, 5, 6, NULL, '2023-04-22'),
(895, 5, 7, NULL, '2023-04-22'),
(896, 5, 8, NULL, '2023-04-22'),
(897, 5, 9, NULL, '2023-04-22'),
(898, 5, 10, NULL, '2023-04-22'),
(899, 5, 11, NULL, '2023-04-22'),
(900, 5, 12, NULL, '2023-04-22'),
(901, 1, 1, NULL, '2023-04-23'),
(902, 1, 2, NULL, '2023-04-23'),
(903, 1, 3, NULL, '2023-04-23'),
(904, 1, 4, NULL, '2023-04-23'),
(905, 1, 5, NULL, '2023-04-23'),
(906, 1, 6, NULL, '2023-04-23'),
(907, 1, 7, NULL, '2023-04-23'),
(908, 1, 8, NULL, '2023-04-23'),
(909, 1, 9, NULL, '2023-04-23'),
(910, 1, 10, NULL, '2023-04-23'),
(911, 1, 11, NULL, '2023-04-23'),
(912, 1, 12, NULL, '2023-04-23'),
(913, 2, 1, NULL, '2023-04-23'),
(914, 2, 2, NULL, '2023-04-23'),
(915, 2, 3, NULL, '2023-04-23'),
(916, 2, 4, NULL, '2023-04-23'),
(917, 2, 5, NULL, '2023-04-23'),
(918, 2, 6, NULL, '2023-04-23'),
(919, 2, 7, NULL, '2023-04-23'),
(920, 2, 8, NULL, '2023-04-23'),
(921, 2, 9, NULL, '2023-04-23'),
(922, 2, 10, NULL, '2023-04-23'),
(923, 2, 11, NULL, '2023-04-23'),
(924, 2, 12, NULL, '2023-04-23'),
(925, 3, 1, NULL, '2023-04-23'),
(926, 3, 2, NULL, '2023-04-23'),
(927, 3, 3, NULL, '2023-04-23'),
(928, 3, 4, NULL, '2023-04-23'),
(929, 3, 5, NULL, '2023-04-23'),
(930, 3, 6, NULL, '2023-04-23'),
(931, 3, 7, NULL, '2023-04-23'),
(932, 3, 8, NULL, '2023-04-23'),
(933, 3, 9, NULL, '2023-04-23'),
(934, 3, 10, NULL, '2023-04-23'),
(935, 3, 11, NULL, '2023-04-23'),
(936, 3, 12, NULL, '2023-04-23'),
(937, 4, 1, NULL, '2023-04-23'),
(938, 4, 2, NULL, '2023-04-23'),
(939, 4, 3, NULL, '2023-04-23'),
(940, 4, 4, NULL, '2023-04-23'),
(941, 4, 5, NULL, '2023-04-23'),
(942, 4, 6, NULL, '2023-04-23'),
(943, 4, 7, NULL, '2023-04-23'),
(944, 4, 8, NULL, '2023-04-23'),
(945, 4, 9, NULL, '2023-04-23'),
(946, 4, 10, NULL, '2023-04-23'),
(947, 4, 11, NULL, '2023-04-23'),
(948, 4, 12, NULL, '2023-04-23'),
(949, 5, 1, NULL, '2023-04-23'),
(950, 5, 2, NULL, '2023-04-23'),
(951, 5, 3, NULL, '2023-04-23'),
(952, 5, 4, NULL, '2023-04-23'),
(953, 5, 5, NULL, '2023-04-23'),
(954, 5, 6, NULL, '2023-04-23'),
(955, 5, 7, NULL, '2023-04-23'),
(956, 5, 8, NULL, '2023-04-23'),
(957, 5, 9, NULL, '2023-04-23'),
(958, 5, 10, NULL, '2023-04-23'),
(959, 5, 11, NULL, '2023-04-23'),
(960, 5, 12, NULL, '2023-04-23'),
(961, 1, 1, NULL, '2023-04-24'),
(962, 1, 2, NULL, '2023-04-24'),
(963, 1, 3, NULL, '2023-04-24'),
(964, 1, 4, NULL, '2023-04-24'),
(965, 1, 5, NULL, '2023-04-24'),
(966, 1, 6, NULL, '2023-04-24'),
(967, 1, 7, NULL, '2023-04-24'),
(968, 1, 8, NULL, '2023-04-24'),
(969, 1, 9, NULL, '2023-04-24'),
(970, 1, 10, NULL, '2023-04-24'),
(971, 1, 11, NULL, '2023-04-24'),
(972, 1, 12, NULL, '2023-04-24'),
(973, 2, 1, NULL, '2023-04-24'),
(974, 2, 2, NULL, '2023-04-24'),
(975, 2, 3, NULL, '2023-04-24'),
(976, 2, 4, NULL, '2023-04-24'),
(977, 2, 5, NULL, '2023-04-24'),
(978, 2, 6, NULL, '2023-04-24'),
(979, 2, 7, NULL, '2023-04-24'),
(980, 2, 8, NULL, '2023-04-24'),
(981, 2, 9, NULL, '2023-04-24'),
(982, 2, 10, NULL, '2023-04-24'),
(983, 2, 11, NULL, '2023-04-24'),
(984, 2, 12, NULL, '2023-04-24'),
(985, 3, 1, NULL, '2023-04-24'),
(986, 3, 2, NULL, '2023-04-24'),
(987, 3, 3, NULL, '2023-04-24'),
(988, 3, 4, NULL, '2023-04-24'),
(989, 3, 5, NULL, '2023-04-24'),
(990, 3, 6, NULL, '2023-04-24'),
(991, 3, 7, NULL, '2023-04-24'),
(992, 3, 8, NULL, '2023-04-24'),
(993, 3, 9, NULL, '2023-04-24'),
(994, 3, 10, NULL, '2023-04-24'),
(995, 3, 11, NULL, '2023-04-24'),
(996, 3, 12, NULL, '2023-04-24'),
(997, 4, 1, NULL, '2023-04-24'),
(998, 4, 2, NULL, '2023-04-24'),
(999, 4, 3, NULL, '2023-04-24'),
(1000, 4, 4, NULL, '2023-04-24'),
(1001, 4, 5, NULL, '2023-04-24'),
(1002, 4, 6, NULL, '2023-04-24'),
(1003, 4, 7, NULL, '2023-04-24'),
(1004, 4, 8, NULL, '2023-04-24'),
(1005, 4, 9, NULL, '2023-04-24'),
(1006, 4, 10, NULL, '2023-04-24'),
(1007, 4, 11, NULL, '2023-04-24'),
(1008, 4, 12, NULL, '2023-04-24'),
(1009, 5, 1, NULL, '2023-04-24'),
(1010, 5, 2, NULL, '2023-04-24'),
(1011, 5, 3, NULL, '2023-04-24'),
(1012, 5, 4, NULL, '2023-04-24'),
(1013, 5, 5, NULL, '2023-04-24'),
(1014, 5, 6, NULL, '2023-04-24'),
(1015, 5, 7, NULL, '2023-04-24'),
(1016, 5, 8, NULL, '2023-04-24'),
(1017, 5, 9, NULL, '2023-04-24'),
(1018, 5, 10, NULL, '2023-04-24'),
(1019, 5, 11, NULL, '2023-04-24'),
(1020, 5, 12, NULL, '2023-04-24'),
(1021, 1, 1, NULL, '2023-04-25'),
(1022, 1, 2, NULL, '2023-04-25'),
(1023, 1, 3, NULL, '2023-04-25'),
(1024, 1, 4, NULL, '2023-04-25'),
(1025, 1, 5, NULL, '2023-04-25'),
(1026, 1, 6, NULL, '2023-04-25'),
(1027, 1, 7, NULL, '2023-04-25'),
(1028, 1, 8, NULL, '2023-04-25'),
(1029, 1, 9, NULL, '2023-04-25'),
(1030, 1, 10, NULL, '2023-04-25'),
(1031, 1, 11, NULL, '2023-04-25'),
(1032, 1, 12, NULL, '2023-04-25'),
(1033, 2, 1, NULL, '2023-04-25'),
(1034, 2, 2, NULL, '2023-04-25'),
(1035, 2, 3, NULL, '2023-04-25'),
(1036, 2, 4, NULL, '2023-04-25'),
(1037, 2, 5, NULL, '2023-04-25'),
(1038, 2, 6, NULL, '2023-04-25'),
(1039, 2, 7, NULL, '2023-04-25'),
(1040, 2, 8, NULL, '2023-04-25'),
(1041, 2, 9, NULL, '2023-04-25'),
(1042, 2, 10, NULL, '2023-04-25'),
(1043, 2, 11, NULL, '2023-04-25'),
(1044, 2, 12, NULL, '2023-04-25'),
(1045, 3, 1, NULL, '2023-04-25'),
(1046, 3, 2, NULL, '2023-04-25'),
(1047, 3, 3, NULL, '2023-04-25'),
(1048, 3, 4, NULL, '2023-04-25'),
(1049, 3, 5, NULL, '2023-04-25'),
(1050, 3, 6, NULL, '2023-04-25'),
(1051, 3, 7, NULL, '2023-04-25'),
(1052, 3, 8, NULL, '2023-04-25'),
(1053, 3, 9, NULL, '2023-04-25'),
(1054, 3, 10, NULL, '2023-04-25'),
(1055, 3, 11, NULL, '2023-04-25'),
(1056, 3, 12, NULL, '2023-04-25'),
(1057, 4, 1, NULL, '2023-04-25'),
(1058, 4, 2, NULL, '2023-04-25'),
(1059, 4, 3, NULL, '2023-04-25'),
(1060, 4, 4, NULL, '2023-04-25'),
(1061, 4, 5, NULL, '2023-04-25'),
(1062, 4, 6, NULL, '2023-04-25'),
(1063, 4, 7, NULL, '2023-04-25'),
(1064, 4, 8, NULL, '2023-04-25'),
(1065, 4, 9, NULL, '2023-04-25'),
(1066, 4, 10, NULL, '2023-04-25'),
(1067, 4, 11, NULL, '2023-04-25'),
(1068, 4, 12, NULL, '2023-04-25'),
(1069, 5, 1, NULL, '2023-04-25'),
(1070, 5, 2, NULL, '2023-04-25'),
(1071, 5, 3, NULL, '2023-04-25'),
(1072, 5, 4, NULL, '2023-04-25'),
(1073, 5, 5, NULL, '2023-04-25'),
(1074, 5, 6, NULL, '2023-04-25'),
(1075, 5, 7, NULL, '2023-04-25'),
(1076, 5, 8, NULL, '2023-04-25'),
(1077, 5, 9, NULL, '2023-04-25'),
(1078, 5, 10, NULL, '2023-04-25'),
(1079, 5, 11, NULL, '2023-04-25'),
(1080, 5, 12, NULL, '2023-04-25'),
(1081, 1, 1, NULL, '2023-04-26'),
(1082, 1, 2, NULL, '2023-04-26'),
(1083, 1, 3, NULL, '2023-04-26'),
(1084, 1, 4, NULL, '2023-04-26'),
(1085, 1, 5, NULL, '2023-04-26'),
(1086, 1, 6, NULL, '2023-04-26'),
(1087, 1, 7, NULL, '2023-04-26'),
(1088, 1, 8, NULL, '2023-04-26'),
(1089, 1, 9, NULL, '2023-04-26'),
(1090, 1, 10, NULL, '2023-04-26'),
(1091, 1, 11, NULL, '2023-04-26'),
(1092, 1, 12, NULL, '2023-04-26'),
(1093, 2, 1, NULL, '2023-04-26'),
(1094, 2, 2, NULL, '2023-04-26'),
(1095, 2, 3, NULL, '2023-04-26'),
(1096, 2, 4, NULL, '2023-04-26'),
(1097, 2, 5, NULL, '2023-04-26'),
(1098, 2, 6, NULL, '2023-04-26'),
(1099, 2, 7, NULL, '2023-04-26'),
(1100, 2, 8, NULL, '2023-04-26'),
(1101, 2, 9, NULL, '2023-04-26'),
(1102, 2, 10, NULL, '2023-04-26'),
(1103, 2, 11, NULL, '2023-04-26'),
(1104, 2, 12, NULL, '2023-04-26'),
(1105, 3, 1, NULL, '2023-04-26'),
(1106, 3, 2, NULL, '2023-04-26'),
(1107, 3, 3, NULL, '2023-04-26'),
(1108, 3, 4, NULL, '2023-04-26'),
(1109, 3, 5, NULL, '2023-04-26'),
(1110, 3, 6, NULL, '2023-04-26'),
(1111, 3, 7, NULL, '2023-04-26'),
(1112, 3, 8, NULL, '2023-04-26'),
(1113, 3, 9, NULL, '2023-04-26'),
(1114, 3, 10, NULL, '2023-04-26'),
(1115, 3, 11, NULL, '2023-04-26'),
(1116, 3, 12, NULL, '2023-04-26'),
(1117, 4, 1, NULL, '2023-04-26'),
(1118, 4, 2, NULL, '2023-04-26'),
(1119, 4, 3, NULL, '2023-04-26'),
(1120, 4, 4, NULL, '2023-04-26'),
(1121, 4, 5, NULL, '2023-04-26'),
(1122, 4, 6, NULL, '2023-04-26'),
(1123, 4, 7, NULL, '2023-04-26'),
(1124, 4, 8, NULL, '2023-04-26'),
(1125, 4, 9, NULL, '2023-04-26'),
(1126, 4, 10, NULL, '2023-04-26'),
(1127, 4, 11, NULL, '2023-04-26'),
(1128, 4, 12, NULL, '2023-04-26'),
(1129, 5, 1, NULL, '2023-04-26'),
(1130, 5, 2, NULL, '2023-04-26'),
(1131, 5, 3, NULL, '2023-04-26'),
(1132, 5, 4, NULL, '2023-04-26'),
(1133, 5, 5, NULL, '2023-04-26'),
(1134, 5, 6, NULL, '2023-04-26'),
(1135, 5, 7, NULL, '2023-04-26'),
(1136, 5, 8, NULL, '2023-04-26'),
(1137, 5, 9, NULL, '2023-04-26'),
(1138, 5, 10, NULL, '2023-04-26'),
(1139, 5, 11, NULL, '2023-04-26'),
(1140, 5, 12, NULL, '2023-04-26'),
(1141, 1, 1, NULL, '2023-04-27'),
(1142, 1, 2, NULL, '2023-04-27'),
(1143, 1, 3, NULL, '2023-04-27'),
(1144, 1, 4, NULL, '2023-04-27'),
(1145, 1, 5, NULL, '2023-04-27'),
(1146, 1, 6, NULL, '2023-04-27'),
(1147, 1, 7, NULL, '2023-04-27'),
(1148, 1, 8, NULL, '2023-04-27'),
(1149, 1, 9, NULL, '2023-04-27'),
(1150, 1, 10, NULL, '2023-04-27'),
(1151, 1, 11, NULL, '2023-04-27'),
(1152, 1, 12, NULL, '2023-04-27'),
(1153, 2, 1, NULL, '2023-04-27'),
(1154, 2, 2, NULL, '2023-04-27'),
(1155, 2, 3, NULL, '2023-04-27'),
(1156, 2, 4, NULL, '2023-04-27'),
(1157, 2, 5, NULL, '2023-04-27'),
(1158, 2, 6, NULL, '2023-04-27'),
(1159, 2, 7, NULL, '2023-04-27'),
(1160, 2, 8, NULL, '2023-04-27'),
(1161, 2, 9, NULL, '2023-04-27'),
(1162, 2, 10, NULL, '2023-04-27'),
(1163, 2, 11, NULL, '2023-04-27'),
(1164, 2, 12, NULL, '2023-04-27'),
(1165, 3, 1, NULL, '2023-04-27'),
(1166, 3, 2, NULL, '2023-04-27'),
(1167, 3, 3, NULL, '2023-04-27'),
(1168, 3, 4, NULL, '2023-04-27'),
(1169, 3, 5, NULL, '2023-04-27'),
(1170, 3, 6, NULL, '2023-04-27'),
(1171, 3, 7, NULL, '2023-04-27'),
(1172, 3, 8, NULL, '2023-04-27'),
(1173, 3, 9, NULL, '2023-04-27'),
(1174, 3, 10, NULL, '2023-04-27'),
(1175, 3, 11, NULL, '2023-04-27'),
(1176, 3, 12, NULL, '2023-04-27'),
(1177, 4, 1, NULL, '2023-04-27'),
(1178, 4, 2, NULL, '2023-04-27'),
(1179, 4, 3, NULL, '2023-04-27'),
(1180, 4, 4, NULL, '2023-04-27'),
(1181, 4, 5, NULL, '2023-04-27'),
(1182, 4, 6, NULL, '2023-04-27'),
(1183, 4, 7, NULL, '2023-04-27'),
(1184, 4, 8, NULL, '2023-04-27'),
(1185, 4, 9, NULL, '2023-04-27'),
(1186, 4, 10, NULL, '2023-04-27'),
(1187, 4, 11, NULL, '2023-04-27'),
(1188, 4, 12, NULL, '2023-04-27'),
(1189, 5, 1, NULL, '2023-04-27'),
(1190, 5, 2, NULL, '2023-04-27'),
(1191, 5, 3, NULL, '2023-04-27'),
(1192, 5, 4, NULL, '2023-04-27'),
(1193, 5, 5, NULL, '2023-04-27'),
(1194, 5, 6, NULL, '2023-04-27'),
(1195, 5, 7, NULL, '2023-04-27'),
(1196, 5, 8, NULL, '2023-04-27'),
(1197, 5, 9, NULL, '2023-04-27'),
(1198, 5, 10, NULL, '2023-04-27'),
(1199, 5, 11, NULL, '2023-04-27'),
(1200, 5, 12, NULL, '2023-04-27'),
(1201, 1, 1, NULL, '2023-04-28'),
(1202, 1, 2, NULL, '2023-04-28'),
(1203, 1, 3, NULL, '2023-04-28'),
(1204, 1, 4, NULL, '2023-04-28'),
(1205, 1, 5, NULL, '2023-04-28'),
(1206, 1, 6, NULL, '2023-04-28'),
(1207, 1, 7, NULL, '2023-04-28'),
(1208, 1, 8, NULL, '2023-04-28'),
(1209, 1, 9, NULL, '2023-04-28'),
(1210, 1, 10, NULL, '2023-04-28'),
(1211, 1, 11, NULL, '2023-04-28'),
(1212, 1, 12, NULL, '2023-04-28'),
(1213, 2, 1, NULL, '2023-04-28'),
(1214, 2, 2, NULL, '2023-04-28'),
(1215, 2, 3, NULL, '2023-04-28'),
(1216, 2, 4, NULL, '2023-04-28'),
(1217, 2, 5, NULL, '2023-04-28'),
(1218, 2, 6, NULL, '2023-04-28'),
(1219, 2, 7, NULL, '2023-04-28'),
(1220, 2, 8, NULL, '2023-04-28'),
(1221, 2, 9, NULL, '2023-04-28'),
(1222, 2, 10, NULL, '2023-04-28'),
(1223, 2, 11, NULL, '2023-04-28'),
(1224, 2, 12, NULL, '2023-04-28'),
(1225, 3, 1, NULL, '2023-04-28'),
(1226, 3, 2, NULL, '2023-04-28'),
(1227, 3, 3, NULL, '2023-04-28'),
(1228, 3, 4, NULL, '2023-04-28'),
(1229, 3, 5, NULL, '2023-04-28'),
(1230, 3, 6, NULL, '2023-04-28'),
(1231, 3, 7, NULL, '2023-04-28'),
(1232, 3, 8, NULL, '2023-04-28'),
(1233, 3, 9, NULL, '2023-04-28'),
(1234, 3, 10, NULL, '2023-04-28'),
(1235, 3, 11, NULL, '2023-04-28'),
(1236, 3, 12, NULL, '2023-04-28'),
(1237, 4, 1, NULL, '2023-04-28'),
(1238, 4, 2, NULL, '2023-04-28'),
(1239, 4, 3, NULL, '2023-04-28'),
(1240, 4, 4, NULL, '2023-04-28'),
(1241, 4, 5, NULL, '2023-04-28'),
(1242, 4, 6, NULL, '2023-04-28'),
(1243, 4, 7, NULL, '2023-04-28'),
(1244, 4, 8, NULL, '2023-04-28'),
(1245, 4, 9, NULL, '2023-04-28'),
(1246, 4, 10, NULL, '2023-04-28'),
(1247, 4, 11, NULL, '2023-04-28'),
(1248, 4, 12, NULL, '2023-04-28'),
(1249, 5, 1, NULL, '2023-04-28'),
(1250, 5, 2, NULL, '2023-04-28'),
(1251, 5, 3, NULL, '2023-04-28'),
(1252, 5, 4, NULL, '2023-04-28'),
(1253, 5, 5, NULL, '2023-04-28'),
(1254, 5, 6, NULL, '2023-04-28'),
(1255, 5, 7, NULL, '2023-04-28'),
(1256, 5, 8, NULL, '2023-04-28'),
(1257, 5, 9, NULL, '2023-04-28'),
(1258, 5, 10, NULL, '2023-04-28'),
(1259, 5, 11, NULL, '2023-04-28'),
(1260, 5, 12, NULL, '2023-04-28'),
(1261, 1, 1, NULL, '2023-04-29'),
(1262, 1, 2, NULL, '2023-04-29'),
(1263, 1, 3, NULL, '2023-04-29'),
(1264, 1, 4, NULL, '2023-04-29'),
(1265, 1, 5, NULL, '2023-04-29'),
(1266, 1, 6, NULL, '2023-04-29'),
(1267, 1, 7, NULL, '2023-04-29'),
(1268, 1, 8, NULL, '2023-04-29'),
(1269, 1, 9, NULL, '2023-04-29'),
(1270, 1, 10, NULL, '2023-04-29'),
(1271, 1, 11, NULL, '2023-04-29'),
(1272, 1, 12, NULL, '2023-04-29'),
(1273, 2, 1, NULL, '2023-04-29'),
(1274, 2, 2, NULL, '2023-04-29'),
(1275, 2, 3, NULL, '2023-04-29'),
(1276, 2, 4, NULL, '2023-04-29'),
(1277, 2, 5, NULL, '2023-04-29'),
(1278, 2, 6, NULL, '2023-04-29'),
(1279, 2, 7, NULL, '2023-04-29'),
(1280, 2, 8, NULL, '2023-04-29'),
(1281, 2, 9, NULL, '2023-04-29'),
(1282, 2, 10, NULL, '2023-04-29'),
(1283, 2, 11, NULL, '2023-04-29'),
(1284, 2, 12, NULL, '2023-04-29'),
(1285, 3, 1, NULL, '2023-04-29'),
(1286, 3, 2, NULL, '2023-04-29'),
(1287, 3, 3, NULL, '2023-04-29'),
(1288, 3, 4, NULL, '2023-04-29'),
(1289, 3, 5, NULL, '2023-04-29'),
(1290, 3, 6, NULL, '2023-04-29'),
(1291, 3, 7, NULL, '2023-04-29'),
(1292, 3, 8, NULL, '2023-04-29'),
(1293, 3, 9, NULL, '2023-04-29'),
(1294, 3, 10, NULL, '2023-04-29'),
(1295, 3, 11, NULL, '2023-04-29'),
(1296, 3, 12, NULL, '2023-04-29'),
(1297, 4, 1, NULL, '2023-04-29'),
(1298, 4, 2, NULL, '2023-04-29'),
(1299, 4, 3, NULL, '2023-04-29'),
(1300, 4, 4, NULL, '2023-04-29'),
(1301, 4, 5, NULL, '2023-04-29'),
(1302, 4, 6, NULL, '2023-04-29'),
(1303, 4, 7, NULL, '2023-04-29'),
(1304, 4, 8, NULL, '2023-04-29'),
(1305, 4, 9, NULL, '2023-04-29'),
(1306, 4, 10, NULL, '2023-04-29'),
(1307, 4, 11, NULL, '2023-04-29'),
(1308, 4, 12, NULL, '2023-04-29'),
(1309, 5, 1, NULL, '2023-04-29'),
(1310, 5, 2, NULL, '2023-04-29'),
(1311, 5, 3, NULL, '2023-04-29'),
(1312, 5, 4, NULL, '2023-04-29'),
(1313, 5, 5, NULL, '2023-04-29'),
(1314, 5, 6, NULL, '2023-04-29'),
(1315, 5, 7, NULL, '2023-04-29'),
(1316, 5, 8, NULL, '2023-04-29'),
(1317, 5, 9, NULL, '2023-04-29'),
(1318, 5, 10, NULL, '2023-04-29'),
(1319, 5, 11, NULL, '2023-04-29'),
(1320, 5, 12, NULL, '2023-04-29'),
(1321, 1, 1, NULL, '2023-04-30'),
(1322, 1, 2, NULL, '2023-04-30'),
(1323, 1, 3, NULL, '2023-04-30'),
(1324, 1, 4, NULL, '2023-04-30'),
(1325, 1, 5, NULL, '2023-04-30'),
(1326, 1, 6, NULL, '2023-04-30'),
(1327, 1, 7, NULL, '2023-04-30'),
(1328, 1, 8, NULL, '2023-04-30'),
(1329, 1, 9, NULL, '2023-04-30'),
(1330, 1, 10, NULL, '2023-04-30'),
(1331, 1, 11, NULL, '2023-04-30'),
(1332, 1, 12, NULL, '2023-04-30'),
(1333, 2, 1, NULL, '2023-04-30'),
(1334, 2, 2, NULL, '2023-04-30'),
(1335, 2, 3, NULL, '2023-04-30'),
(1336, 2, 4, NULL, '2023-04-30'),
(1337, 2, 5, NULL, '2023-04-30'),
(1338, 2, 6, NULL, '2023-04-30'),
(1339, 2, 7, NULL, '2023-04-30'),
(1340, 2, 8, NULL, '2023-04-30'),
(1341, 2, 9, NULL, '2023-04-30'),
(1342, 2, 10, NULL, '2023-04-30'),
(1343, 2, 11, NULL, '2023-04-30'),
(1344, 2, 12, NULL, '2023-04-30'),
(1345, 3, 1, NULL, '2023-04-30'),
(1346, 3, 2, NULL, '2023-04-30'),
(1347, 3, 3, NULL, '2023-04-30'),
(1348, 3, 4, NULL, '2023-04-30'),
(1349, 3, 5, NULL, '2023-04-30'),
(1350, 3, 6, NULL, '2023-04-30'),
(1351, 3, 7, NULL, '2023-04-30'),
(1352, 3, 8, NULL, '2023-04-30'),
(1353, 3, 9, NULL, '2023-04-30'),
(1354, 3, 10, NULL, '2023-04-30'),
(1355, 3, 11, NULL, '2023-04-30'),
(1356, 3, 12, NULL, '2023-04-30'),
(1357, 4, 1, NULL, '2023-04-30'),
(1358, 4, 2, NULL, '2023-04-30'),
(1359, 4, 3, NULL, '2023-04-30'),
(1360, 4, 4, NULL, '2023-04-30'),
(1361, 4, 5, NULL, '2023-04-30'),
(1362, 4, 6, NULL, '2023-04-30'),
(1363, 4, 7, NULL, '2023-04-30'),
(1364, 4, 8, NULL, '2023-04-30'),
(1365, 4, 9, NULL, '2023-04-30'),
(1366, 4, 10, NULL, '2023-04-30'),
(1367, 4, 11, NULL, '2023-04-30'),
(1368, 4, 12, NULL, '2023-04-30'),
(1369, 5, 1, NULL, '2023-04-30'),
(1370, 5, 2, NULL, '2023-04-30'),
(1371, 5, 3, NULL, '2023-04-30'),
(1372, 5, 4, NULL, '2023-04-30'),
(1373, 5, 5, NULL, '2023-04-30'),
(1374, 5, 6, NULL, '2023-04-30'),
(1375, 5, 7, NULL, '2023-04-30'),
(1376, 5, 8, NULL, '2023-04-30'),
(1377, 5, 9, NULL, '2023-04-30'),
(1378, 5, 10, NULL, '2023-04-30'),
(1379, 5, 11, NULL, '2023-04-30'),
(1380, 5, 12, NULL, '2023-04-30'),
(1381, 1, 1, NULL, '2023-05-01'),
(1382, 1, 2, NULL, '2023-05-01'),
(1383, 1, 3, NULL, '2023-05-01'),
(1384, 1, 4, NULL, '2023-05-01'),
(1385, 1, 5, NULL, '2023-05-01'),
(1386, 1, 6, NULL, '2023-05-01'),
(1387, 1, 7, NULL, '2023-05-01'),
(1388, 1, 8, NULL, '2023-05-01'),
(1389, 1, 9, NULL, '2023-05-01'),
(1390, 1, 10, NULL, '2023-05-01'),
(1391, 1, 11, NULL, '2023-05-01'),
(1392, 1, 12, NULL, '2023-05-01'),
(1393, 2, 1, NULL, '2023-05-01'),
(1394, 2, 2, NULL, '2023-05-01'),
(1395, 2, 3, NULL, '2023-05-01'),
(1396, 2, 4, NULL, '2023-05-01'),
(1397, 2, 5, NULL, '2023-05-01'),
(1398, 2, 6, NULL, '2023-05-01'),
(1399, 2, 7, NULL, '2023-05-01'),
(1400, 2, 8, NULL, '2023-05-01'),
(1401, 2, 9, NULL, '2023-05-01'),
(1402, 2, 10, NULL, '2023-05-01'),
(1403, 2, 11, NULL, '2023-05-01'),
(1404, 2, 12, NULL, '2023-05-01'),
(1405, 3, 1, NULL, '2023-05-01'),
(1406, 3, 2, NULL, '2023-05-01'),
(1407, 3, 3, NULL, '2023-05-01'),
(1408, 3, 4, NULL, '2023-05-01'),
(1409, 3, 5, NULL, '2023-05-01'),
(1410, 3, 6, NULL, '2023-05-01'),
(1411, 3, 7, NULL, '2023-05-01'),
(1412, 3, 8, NULL, '2023-05-01'),
(1413, 3, 9, NULL, '2023-05-01'),
(1414, 3, 10, NULL, '2023-05-01'),
(1415, 3, 11, NULL, '2023-05-01'),
(1416, 3, 12, NULL, '2023-05-01'),
(1417, 4, 1, NULL, '2023-05-01'),
(1418, 4, 2, NULL, '2023-05-01'),
(1419, 4, 3, NULL, '2023-05-01'),
(1420, 4, 4, NULL, '2023-05-01'),
(1421, 4, 5, NULL, '2023-05-01'),
(1422, 4, 6, NULL, '2023-05-01'),
(1423, 4, 7, NULL, '2023-05-01'),
(1424, 4, 8, NULL, '2023-05-01'),
(1425, 4, 9, NULL, '2023-05-01'),
(1426, 4, 10, NULL, '2023-05-01'),
(1427, 4, 11, NULL, '2023-05-01'),
(1428, 4, 12, NULL, '2023-05-01'),
(1429, 5, 1, NULL, '2023-05-01'),
(1430, 5, 2, NULL, '2023-05-01'),
(1431, 5, 3, NULL, '2023-05-01'),
(1432, 5, 4, NULL, '2023-05-01'),
(1433, 5, 5, NULL, '2023-05-01'),
(1434, 5, 6, NULL, '2023-05-01'),
(1435, 5, 7, NULL, '2023-05-01'),
(1436, 5, 8, NULL, '2023-05-01'),
(1437, 5, 9, NULL, '2023-05-01'),
(1438, 5, 10, NULL, '2023-05-01'),
(1439, 5, 11, NULL, '2023-05-01'),
(1440, 5, 12, NULL, '2023-05-01'),
(1441, 1, 1, NULL, '2023-05-02'),
(1442, 1, 2, NULL, '2023-05-02'),
(1443, 1, 3, NULL, '2023-05-02'),
(1444, 1, 4, NULL, '2023-05-02'),
(1445, 1, 5, NULL, '2023-05-02'),
(1446, 1, 6, NULL, '2023-05-02'),
(1447, 1, 7, NULL, '2023-05-02'),
(1448, 1, 8, NULL, '2023-05-02'),
(1449, 1, 9, NULL, '2023-05-02'),
(1450, 1, 10, NULL, '2023-05-02'),
(1451, 1, 11, NULL, '2023-05-02'),
(1452, 1, 12, NULL, '2023-05-02'),
(1453, 2, 1, NULL, '2023-05-02'),
(1454, 2, 2, NULL, '2023-05-02'),
(1455, 2, 3, NULL, '2023-05-02'),
(1456, 2, 4, NULL, '2023-05-02'),
(1457, 2, 5, NULL, '2023-05-02'),
(1458, 2, 6, NULL, '2023-05-02'),
(1459, 2, 7, NULL, '2023-05-02'),
(1460, 2, 8, NULL, '2023-05-02'),
(1461, 2, 9, NULL, '2023-05-02'),
(1462, 2, 10, NULL, '2023-05-02'),
(1463, 2, 11, NULL, '2023-05-02'),
(1464, 2, 12, NULL, '2023-05-02'),
(1465, 3, 1, NULL, '2023-05-02'),
(1466, 3, 2, NULL, '2023-05-02'),
(1467, 3, 3, NULL, '2023-05-02'),
(1468, 3, 4, NULL, '2023-05-02'),
(1469, 3, 5, NULL, '2023-05-02'),
(1470, 3, 6, NULL, '2023-05-02'),
(1471, 3, 7, NULL, '2023-05-02'),
(1472, 3, 8, NULL, '2023-05-02'),
(1473, 3, 9, NULL, '2023-05-02'),
(1474, 3, 10, NULL, '2023-05-02'),
(1475, 3, 11, NULL, '2023-05-02'),
(1476, 3, 12, NULL, '2023-05-02'),
(1477, 4, 1, NULL, '2023-05-02'),
(1478, 4, 2, NULL, '2023-05-02'),
(1479, 4, 3, NULL, '2023-05-02'),
(1480, 4, 4, NULL, '2023-05-02'),
(1481, 4, 5, NULL, '2023-05-02'),
(1482, 4, 6, NULL, '2023-05-02'),
(1483, 4, 7, NULL, '2023-05-02'),
(1484, 4, 8, NULL, '2023-05-02'),
(1485, 4, 9, NULL, '2023-05-02'),
(1486, 4, 10, NULL, '2023-05-02'),
(1487, 4, 11, NULL, '2023-05-02'),
(1488, 4, 12, NULL, '2023-05-02'),
(1489, 5, 1, NULL, '2023-05-02'),
(1490, 5, 2, NULL, '2023-05-02'),
(1491, 5, 3, NULL, '2023-05-02'),
(1492, 5, 4, NULL, '2023-05-02'),
(1493, 5, 5, NULL, '2023-05-02'),
(1494, 5, 6, NULL, '2023-05-02'),
(1495, 5, 7, NULL, '2023-05-02'),
(1496, 5, 8, NULL, '2023-05-02'),
(1497, 5, 9, NULL, '2023-05-02'),
(1498, 5, 10, NULL, '2023-05-02'),
(1499, 5, 11, NULL, '2023-05-02'),
(1500, 5, 12, NULL, '2023-05-02'),
(1501, 1, 1, NULL, '2023-05-03'),
(1502, 1, 2, NULL, '2023-05-03'),
(1503, 1, 3, NULL, '2023-05-03'),
(1504, 1, 4, NULL, '2023-05-03'),
(1505, 1, 5, NULL, '2023-05-03'),
(1506, 1, 6, NULL, '2023-05-03'),
(1507, 1, 7, NULL, '2023-05-03'),
(1508, 1, 8, NULL, '2023-05-03'),
(1509, 1, 9, NULL, '2023-05-03'),
(1510, 1, 10, NULL, '2023-05-03'),
(1511, 1, 11, NULL, '2023-05-03'),
(1512, 1, 12, NULL, '2023-05-03'),
(1513, 2, 1, NULL, '2023-05-03'),
(1514, 2, 2, NULL, '2023-05-03'),
(1515, 2, 3, NULL, '2023-05-03'),
(1516, 2, 4, NULL, '2023-05-03'),
(1517, 2, 5, NULL, '2023-05-03'),
(1518, 2, 6, NULL, '2023-05-03'),
(1519, 2, 7, NULL, '2023-05-03'),
(1520, 2, 8, NULL, '2023-05-03'),
(1521, 2, 9, NULL, '2023-05-03'),
(1522, 2, 10, NULL, '2023-05-03'),
(1523, 2, 11, NULL, '2023-05-03'),
(1524, 2, 12, NULL, '2023-05-03'),
(1525, 3, 1, NULL, '2023-05-03'),
(1526, 3, 2, NULL, '2023-05-03'),
(1527, 3, 3, NULL, '2023-05-03'),
(1528, 3, 4, NULL, '2023-05-03'),
(1529, 3, 5, NULL, '2023-05-03'),
(1530, 3, 6, NULL, '2023-05-03'),
(1531, 3, 7, NULL, '2023-05-03'),
(1532, 3, 8, NULL, '2023-05-03'),
(1533, 3, 9, NULL, '2023-05-03'),
(1534, 3, 10, NULL, '2023-05-03'),
(1535, 3, 11, NULL, '2023-05-03'),
(1536, 3, 12, NULL, '2023-05-03'),
(1537, 4, 1, NULL, '2023-05-03'),
(1538, 4, 2, NULL, '2023-05-03'),
(1539, 4, 3, NULL, '2023-05-03'),
(1540, 4, 4, NULL, '2023-05-03'),
(1541, 4, 5, NULL, '2023-05-03'),
(1542, 4, 6, NULL, '2023-05-03'),
(1543, 4, 7, NULL, '2023-05-03'),
(1544, 4, 8, NULL, '2023-05-03'),
(1545, 4, 9, NULL, '2023-05-03'),
(1546, 4, 10, NULL, '2023-05-03'),
(1547, 4, 11, NULL, '2023-05-03'),
(1548, 4, 12, NULL, '2023-05-03'),
(1549, 5, 1, NULL, '2023-05-03'),
(1550, 5, 2, NULL, '2023-05-03'),
(1551, 5, 3, NULL, '2023-05-03'),
(1552, 5, 4, NULL, '2023-05-03'),
(1553, 5, 5, NULL, '2023-05-03'),
(1554, 5, 6, NULL, '2023-05-03'),
(1555, 5, 7, NULL, '2023-05-03'),
(1556, 5, 8, NULL, '2023-05-03'),
(1557, 5, 9, NULL, '2023-05-03'),
(1558, 5, 10, NULL, '2023-05-03'),
(1559, 5, 11, NULL, '2023-05-03'),
(1560, 5, 12, NULL, '2023-05-03'),
(1561, 1, 1, NULL, '2023-05-04'),
(1562, 1, 2, NULL, '2023-05-04'),
(1563, 1, 3, NULL, '2023-05-04'),
(1564, 1, 4, NULL, '2023-05-04'),
(1565, 1, 5, NULL, '2023-05-04'),
(1566, 1, 6, NULL, '2023-05-04'),
(1567, 1, 7, NULL, '2023-05-04'),
(1568, 1, 8, NULL, '2023-05-04'),
(1569, 1, 9, NULL, '2023-05-04'),
(1570, 1, 10, NULL, '2023-05-04'),
(1571, 1, 11, NULL, '2023-05-04'),
(1572, 1, 12, NULL, '2023-05-04'),
(1573, 2, 1, NULL, '2023-05-04'),
(1574, 2, 2, NULL, '2023-05-04'),
(1575, 2, 3, NULL, '2023-05-04'),
(1576, 2, 4, NULL, '2023-05-04'),
(1577, 2, 5, NULL, '2023-05-04'),
(1578, 2, 6, NULL, '2023-05-04'),
(1579, 2, 7, NULL, '2023-05-04'),
(1580, 2, 8, NULL, '2023-05-04'),
(1581, 2, 9, NULL, '2023-05-04'),
(1582, 2, 10, NULL, '2023-05-04'),
(1583, 2, 11, NULL, '2023-05-04'),
(1584, 2, 12, NULL, '2023-05-04'),
(1585, 3, 1, NULL, '2023-05-04');
INSERT INTO `venue_timeslot` (`id`, `venueId`, `timeslotId`, `bookingId`, `date`) VALUES
(1586, 3, 2, NULL, '2023-05-04'),
(1587, 3, 3, NULL, '2023-05-04'),
(1588, 3, 4, NULL, '2023-05-04'),
(1589, 3, 5, NULL, '2023-05-04'),
(1590, 3, 6, NULL, '2023-05-04'),
(1591, 3, 7, NULL, '2023-05-04'),
(1592, 3, 8, NULL, '2023-05-04'),
(1593, 3, 9, NULL, '2023-05-04'),
(1594, 3, 10, NULL, '2023-05-04'),
(1595, 3, 11, NULL, '2023-05-04'),
(1596, 3, 12, NULL, '2023-05-04'),
(1597, 4, 1, NULL, '2023-05-04'),
(1598, 4, 2, NULL, '2023-05-04'),
(1599, 4, 3, NULL, '2023-05-04'),
(1600, 4, 4, NULL, '2023-05-04'),
(1601, 4, 5, NULL, '2023-05-04'),
(1602, 4, 6, NULL, '2023-05-04'),
(1603, 4, 7, NULL, '2023-05-04'),
(1604, 4, 8, NULL, '2023-05-04'),
(1605, 4, 9, NULL, '2023-05-04'),
(1606, 4, 10, NULL, '2023-05-04'),
(1607, 4, 11, NULL, '2023-05-04'),
(1608, 4, 12, NULL, '2023-05-04'),
(1609, 5, 1, NULL, '2023-05-04'),
(1610, 5, 2, NULL, '2023-05-04'),
(1611, 5, 3, NULL, '2023-05-04'),
(1612, 5, 4, NULL, '2023-05-04'),
(1613, 5, 5, NULL, '2023-05-04'),
(1614, 5, 6, NULL, '2023-05-04'),
(1615, 5, 7, NULL, '2023-05-04'),
(1616, 5, 8, NULL, '2023-05-04'),
(1617, 5, 9, NULL, '2023-05-04'),
(1618, 5, 10, NULL, '2023-05-04'),
(1619, 5, 11, NULL, '2023-05-04'),
(1620, 5, 12, NULL, '2023-05-04'),
(1621, 1, 1, NULL, '2023-05-05'),
(1622, 1, 2, NULL, '2023-05-05'),
(1623, 1, 3, NULL, '2023-05-05'),
(1624, 1, 4, NULL, '2023-05-05'),
(1625, 1, 5, NULL, '2023-05-05'),
(1626, 1, 6, NULL, '2023-05-05'),
(1627, 1, 7, NULL, '2023-05-05'),
(1628, 1, 8, NULL, '2023-05-05'),
(1629, 1, 9, NULL, '2023-05-05'),
(1630, 1, 10, NULL, '2023-05-05'),
(1631, 1, 11, NULL, '2023-05-05'),
(1632, 1, 12, NULL, '2023-05-05'),
(1633, 2, 1, NULL, '2023-05-05'),
(1634, 2, 2, NULL, '2023-05-05'),
(1635, 2, 3, NULL, '2023-05-05'),
(1636, 2, 4, NULL, '2023-05-05'),
(1637, 2, 5, NULL, '2023-05-05'),
(1638, 2, 6, NULL, '2023-05-05'),
(1639, 2, 7, NULL, '2023-05-05'),
(1640, 2, 8, NULL, '2023-05-05'),
(1641, 2, 9, NULL, '2023-05-05'),
(1642, 2, 10, NULL, '2023-05-05'),
(1643, 2, 11, NULL, '2023-05-05'),
(1644, 2, 12, NULL, '2023-05-05'),
(1645, 3, 1, NULL, '2023-05-05'),
(1646, 3, 2, NULL, '2023-05-05'),
(1647, 3, 3, NULL, '2023-05-05'),
(1648, 3, 4, NULL, '2023-05-05'),
(1649, 3, 5, NULL, '2023-05-05'),
(1650, 3, 6, NULL, '2023-05-05'),
(1651, 3, 7, NULL, '2023-05-05'),
(1652, 3, 8, NULL, '2023-05-05'),
(1653, 3, 9, NULL, '2023-05-05'),
(1654, 3, 10, NULL, '2023-05-05'),
(1655, 3, 11, NULL, '2023-05-05'),
(1656, 3, 12, NULL, '2023-05-05'),
(1657, 4, 1, NULL, '2023-05-05'),
(1658, 4, 2, NULL, '2023-05-05'),
(1659, 4, 3, NULL, '2023-05-05'),
(1660, 4, 4, NULL, '2023-05-05'),
(1661, 4, 5, NULL, '2023-05-05'),
(1662, 4, 6, NULL, '2023-05-05'),
(1663, 4, 7, NULL, '2023-05-05'),
(1664, 4, 8, NULL, '2023-05-05'),
(1665, 4, 9, NULL, '2023-05-05'),
(1666, 4, 10, NULL, '2023-05-05'),
(1667, 4, 11, NULL, '2023-05-05'),
(1668, 4, 12, NULL, '2023-05-05'),
(1669, 5, 1, NULL, '2023-05-05'),
(1670, 5, 2, NULL, '2023-05-05'),
(1671, 5, 3, NULL, '2023-05-05'),
(1672, 5, 4, NULL, '2023-05-05'),
(1673, 5, 5, NULL, '2023-05-05'),
(1674, 5, 6, NULL, '2023-05-05'),
(1675, 5, 7, NULL, '2023-05-05'),
(1676, 5, 8, NULL, '2023-05-05'),
(1677, 5, 9, NULL, '2023-05-05'),
(1678, 5, 10, NULL, '2023-05-05'),
(1679, 5, 11, NULL, '2023-05-05'),
(1680, 5, 12, NULL, '2023-05-05'),
(1681, 1, 1, NULL, '2023-05-06'),
(1682, 1, 2, NULL, '2023-05-06'),
(1683, 1, 3, NULL, '2023-05-06'),
(1684, 1, 4, NULL, '2023-05-06'),
(1685, 1, 5, NULL, '2023-05-06'),
(1686, 1, 6, NULL, '2023-05-06'),
(1687, 1, 7, NULL, '2023-05-06'),
(1688, 1, 8, NULL, '2023-05-06'),
(1689, 1, 9, NULL, '2023-05-06'),
(1690, 1, 10, NULL, '2023-05-06'),
(1691, 1, 11, NULL, '2023-05-06'),
(1692, 1, 12, NULL, '2023-05-06'),
(1693, 2, 1, NULL, '2023-05-06'),
(1694, 2, 2, NULL, '2023-05-06'),
(1695, 2, 3, NULL, '2023-05-06'),
(1696, 2, 4, NULL, '2023-05-06'),
(1697, 2, 5, NULL, '2023-05-06'),
(1698, 2, 6, NULL, '2023-05-06'),
(1699, 2, 7, NULL, '2023-05-06'),
(1700, 2, 8, NULL, '2023-05-06'),
(1701, 2, 9, NULL, '2023-05-06'),
(1702, 2, 10, NULL, '2023-05-06'),
(1703, 2, 11, NULL, '2023-05-06'),
(1704, 2, 12, NULL, '2023-05-06'),
(1705, 3, 1, NULL, '2023-05-06'),
(1706, 3, 2, NULL, '2023-05-06'),
(1707, 3, 3, NULL, '2023-05-06'),
(1708, 3, 4, NULL, '2023-05-06'),
(1709, 3, 5, NULL, '2023-05-06'),
(1710, 3, 6, NULL, '2023-05-06'),
(1711, 3, 7, NULL, '2023-05-06'),
(1712, 3, 8, NULL, '2023-05-06'),
(1713, 3, 9, NULL, '2023-05-06'),
(1714, 3, 10, NULL, '2023-05-06'),
(1715, 3, 11, NULL, '2023-05-06'),
(1716, 3, 12, NULL, '2023-05-06'),
(1717, 4, 1, NULL, '2023-05-06'),
(1718, 4, 2, NULL, '2023-05-06'),
(1719, 4, 3, NULL, '2023-05-06'),
(1720, 4, 4, NULL, '2023-05-06'),
(1721, 4, 5, NULL, '2023-05-06'),
(1722, 4, 6, NULL, '2023-05-06'),
(1723, 4, 7, NULL, '2023-05-06'),
(1724, 4, 8, NULL, '2023-05-06'),
(1725, 4, 9, NULL, '2023-05-06'),
(1726, 4, 10, NULL, '2023-05-06'),
(1727, 4, 11, NULL, '2023-05-06'),
(1728, 4, 12, NULL, '2023-05-06'),
(1729, 5, 1, NULL, '2023-05-06'),
(1730, 5, 2, NULL, '2023-05-06'),
(1731, 5, 3, NULL, '2023-05-06'),
(1732, 5, 4, NULL, '2023-05-06'),
(1733, 5, 5, NULL, '2023-05-06'),
(1734, 5, 6, NULL, '2023-05-06'),
(1735, 5, 7, NULL, '2023-05-06'),
(1736, 5, 8, NULL, '2023-05-06'),
(1737, 5, 9, NULL, '2023-05-06'),
(1738, 5, 10, NULL, '2023-05-06'),
(1739, 5, 11, NULL, '2023-05-06'),
(1740, 5, 12, NULL, '2023-05-06'),
(1741, 1, 1, NULL, '2023-05-07'),
(1742, 1, 2, NULL, '2023-05-07'),
(1743, 1, 3, NULL, '2023-05-07'),
(1744, 1, 4, NULL, '2023-05-07'),
(1745, 1, 5, NULL, '2023-05-07'),
(1746, 1, 6, NULL, '2023-05-07'),
(1747, 1, 7, NULL, '2023-05-07'),
(1748, 1, 8, NULL, '2023-05-07'),
(1749, 1, 9, NULL, '2023-05-07'),
(1750, 1, 10, NULL, '2023-05-07'),
(1751, 1, 11, NULL, '2023-05-07'),
(1752, 1, 12, NULL, '2023-05-07'),
(1753, 2, 1, NULL, '2023-05-07'),
(1754, 2, 2, NULL, '2023-05-07'),
(1755, 2, 3, NULL, '2023-05-07'),
(1756, 2, 4, NULL, '2023-05-07'),
(1757, 2, 5, NULL, '2023-05-07'),
(1758, 2, 6, NULL, '2023-05-07'),
(1759, 2, 7, NULL, '2023-05-07'),
(1760, 2, 8, NULL, '2023-05-07'),
(1761, 2, 9, NULL, '2023-05-07'),
(1762, 2, 10, NULL, '2023-05-07'),
(1763, 2, 11, NULL, '2023-05-07'),
(1764, 2, 12, NULL, '2023-05-07'),
(1765, 3, 1, NULL, '2023-05-07'),
(1766, 3, 2, NULL, '2023-05-07'),
(1767, 3, 3, NULL, '2023-05-07'),
(1768, 3, 4, NULL, '2023-05-07'),
(1769, 3, 5, NULL, '2023-05-07'),
(1770, 3, 6, NULL, '2023-05-07'),
(1771, 3, 7, NULL, '2023-05-07'),
(1772, 3, 8, NULL, '2023-05-07'),
(1773, 3, 9, NULL, '2023-05-07'),
(1774, 3, 10, NULL, '2023-05-07'),
(1775, 3, 11, NULL, '2023-05-07'),
(1776, 3, 12, NULL, '2023-05-07'),
(1777, 4, 1, NULL, '2023-05-07'),
(1778, 4, 2, NULL, '2023-05-07'),
(1779, 4, 3, NULL, '2023-05-07'),
(1780, 4, 4, NULL, '2023-05-07'),
(1781, 4, 5, NULL, '2023-05-07'),
(1782, 4, 6, NULL, '2023-05-07'),
(1783, 4, 7, NULL, '2023-05-07'),
(1784, 4, 8, NULL, '2023-05-07'),
(1785, 4, 9, NULL, '2023-05-07'),
(1786, 4, 10, NULL, '2023-05-07'),
(1787, 4, 11, NULL, '2023-05-07'),
(1788, 4, 12, NULL, '2023-05-07'),
(1789, 5, 1, NULL, '2023-05-07'),
(1790, 5, 2, NULL, '2023-05-07'),
(1791, 5, 3, NULL, '2023-05-07'),
(1792, 5, 4, NULL, '2023-05-07'),
(1793, 5, 5, NULL, '2023-05-07'),
(1794, 5, 6, NULL, '2023-05-07'),
(1795, 5, 7, NULL, '2023-05-07'),
(1796, 5, 8, NULL, '2023-05-07'),
(1797, 5, 9, NULL, '2023-05-07'),
(1798, 5, 10, NULL, '2023-05-07'),
(1799, 5, 11, NULL, '2023-05-07'),
(1800, 5, 12, NULL, '2023-05-07'),
(1801, 1, 7, 16, '2022-11-24'),
(1802, 5, 7, 28, '2021-05-20'),
(1803, 1, 1, 24, '2022-02-05'),
(1804, 4, 6, 15, '2021-03-13'),
(1805, 4, 1, 15, '2021-03-13'),
(1806, 4, 5, 26, '2022-12-18'),
(1807, 3, 3, 21, '2021-11-04'),
(1808, 2, 7, 20, '2021-02-10'),
(1809, 4, 5, 25, '2022-04-28'),
(1810, 1, 4, 18, '2021-06-21'),
(1811, 5, 7, 14, '2022-01-08'),
(1812, 5, 10, 16, '2021-08-31'),
(1813, 4, 4, 20, '2022-05-31'),
(1814, 1, 11, 18, '2021-09-22'),
(1815, 4, 1, 13, '2022-07-06'),
(1816, 2, 7, 20, '2021-01-18'),
(1817, 3, 10, 11, '2021-05-24'),
(1818, 4, 12, 22, '2021-07-13'),
(1819, 3, 7, 16, '2021-01-20'),
(1820, 1, 7, 18, '2021-09-22'),
(1832, 3, 7, NULL, '2021-10-06'),
(1833, 4, 4, NULL, '2021-08-13'),
(1834, 4, 9, NULL, '2021-11-26'),
(1835, 3, 4, NULL, '2022-09-25'),
(1836, 1, 8, NULL, '2022-02-20'),
(1837, 5, 12, NULL, '2021-02-11'),
(1838, 1, 5, NULL, '2022-10-13'),
(1839, 2, 4, NULL, '2022-04-18'),
(1840, 4, 6, NULL, '2021-08-26'),
(1841, 1, 4, NULL, '2021-09-12'),
(1842, 5, 12, NULL, '2022-07-04'),
(1843, 4, 12, NULL, '2021-08-19'),
(1844, 3, 11, NULL, '2021-06-02'),
(1845, 3, 7, NULL, '2021-04-04'),
(1846, 4, 12, NULL, '2022-02-20'),
(1847, 5, 11, NULL, '2022-07-24'),
(1848, 4, 3, NULL, '2022-08-21'),
(1849, 3, 6, NULL, '2022-04-17'),
(1850, 2, 12, NULL, '2022-12-05'),
(1851, 2, 12, NULL, '2022-05-02'),
(1852, 5, 8, NULL, '2021-01-21'),
(1853, 2, 4, NULL, '2021-12-04'),
(1854, 4, 5, NULL, '2022-04-12'),
(1855, 1, 1, NULL, '2021-03-09'),
(1856, 1, 6, NULL, '2022-11-13'),
(1857, 1, 5, NULL, '2021-04-20'),
(1858, 3, 7, NULL, '2021-09-25'),
(1859, 2, 2, NULL, '2022-05-02'),
(1860, 1, 11, NULL, '2021-12-21'),
(1861, 3, 9, NULL, '2021-07-12'),
(1862, 5, 2, NULL, '2022-04-24'),
(1863, 1, 1, NULL, '2021-06-04'),
(1864, 4, 12, NULL, '2021-03-15'),
(1865, 4, 8, NULL, '2021-01-04'),
(1866, 2, 1, NULL, '2021-05-09'),
(1867, 5, 10, NULL, '2021-09-11'),
(1868, 1, 6, NULL, '2021-02-22'),
(1869, 2, 2, NULL, '2021-06-02'),
(1870, 4, 10, NULL, '2021-09-26'),
(1871, 3, 6, NULL, '2021-04-30'),
(1872, 2, 6, NULL, '2022-08-11'),
(1873, 4, 9, NULL, '2022-12-19'),
(1874, 5, 12, NULL, '2022-03-10'),
(1875, 3, 4, NULL, '2021-11-28'),
(1876, 1, 7, NULL, '2021-08-19'),
(1877, 3, 12, NULL, '2022-11-15'),
(1878, 1, 10, NULL, '2021-04-22'),
(1879, 2, 5, NULL, '2021-10-09'),
(1880, 2, 11, NULL, '2021-01-25'),
(1881, 4, 8, NULL, '2021-04-06'),
(1882, 1, 9, NULL, '2021-05-30'),
(1883, 5, 11, NULL, '2022-07-02'),
(1884, 3, 3, NULL, '2022-02-16'),
(1885, 1, 5, NULL, '2021-01-06'),
(1886, 3, 1, NULL, '2021-01-10'),
(1887, 3, 1, NULL, '2021-05-15'),
(1888, 2, 10, NULL, '2021-11-04'),
(1889, 2, 9, NULL, '2021-11-15'),
(1890, 5, 12, NULL, '2022-02-14'),
(1891, 3, 11, NULL, '2022-08-17'),
(1892, 5, 5, NULL, '2022-01-23'),
(1893, 5, 6, NULL, '2022-08-09'),
(1894, 5, 8, NULL, '2022-03-07'),
(1895, 5, 3, NULL, '2021-01-31'),
(1896, 2, 9, NULL, '2021-10-29'),
(1897, 3, 12, NULL, '2022-02-16'),
(1898, 1, 12, NULL, '2021-03-12'),
(1899, 1, 8, NULL, '2022-05-29'),
(1900, 3, 10, NULL, '2022-05-02'),
(1901, 4, 2, NULL, '2021-10-24'),
(1902, 5, 10, NULL, '2022-06-24'),
(1903, 2, 5, NULL, '2022-01-10'),
(1904, 5, 7, NULL, '2021-04-06'),
(1905, 4, 1, NULL, '2022-08-28'),
(1906, 3, 1, NULL, '2022-07-10'),
(1907, 3, 9, NULL, '2021-03-16'),
(1908, 2, 6, NULL, '2021-01-06'),
(1909, 1, 8, NULL, '2021-06-11'),
(1910, 4, 3, NULL, '2021-05-09'),
(1911, 5, 5, NULL, '2021-09-28'),
(1912, 1, 9, NULL, '2022-01-27'),
(1913, 2, 7, NULL, '2022-11-08'),
(1914, 4, 2, NULL, '2022-12-01'),
(1915, 4, 5, NULL, '2021-01-07'),
(1916, 5, 11, NULL, '2021-11-04'),
(1917, 5, 6, NULL, '2021-01-20'),
(1918, 4, 10, NULL, '2022-04-30'),
(1919, 2, 2, NULL, '2022-02-03'),
(1920, 5, 6, NULL, '2021-11-15'),
(1921, 5, 12, NULL, '2021-11-14'),
(1922, 5, 5, NULL, '2021-10-11'),
(1923, 3, 12, NULL, '2022-01-12'),
(1924, 2, 10, NULL, '2021-10-04'),
(1925, 5, 7, NULL, '2022-02-28'),
(1926, 4, 4, NULL, '2022-06-06'),
(1927, 5, 9, NULL, '2021-12-03'),
(1928, 3, 2, NULL, '2021-09-19'),
(1929, 4, 5, NULL, '2022-05-06'),
(1930, 1, 5, NULL, '2022-05-03'),
(1931, 2, 5, NULL, '2022-06-06');

--
-- Indexes for dumped tables
--

--
-- Indexes for table `account`
--
ALTER TABLE `account`
  ADD PRIMARY KEY (`id`);

--
-- Indexes for table `booking`
--
ALTER TABLE `booking`
  ADD PRIMARY KEY (`id`),
  ADD KEY `userId` (`userId`);

--
-- Indexes for table `guest`
--
ALTER TABLE `guest`
  ADD PRIMARY KEY (`id`),
  ADD KEY `userId` (`userId`);

--
-- Indexes for table `guestlist`
--
ALTER TABLE `guestlist`
  ADD PRIMARY KEY (`id`),
  ADD KEY `bookingId` (`bookingId`),
  ADD KEY `venueId` (`venueId`);

--
-- Indexes for table `guestlist_guest`
--
ALTER TABLE `guestlist_guest`
  ADD PRIMARY KEY (`id`),
  ADD KEY `guestlistId` (`guestlistId`),
  ADD KEY `guestId` (`guestId`);

--
-- Indexes for table `timeslot`
--
ALTER TABLE `timeslot`
  ADD PRIMARY KEY (`id`);

--
-- Indexes for table `user`
--
ALTER TABLE `user`
  ADD PRIMARY KEY (`id`),
  ADD KEY `accountId` (`accountId`);

--
-- Indexes for table `venue`
--
ALTER TABLE `venue`
  ADD PRIMARY KEY (`id`),
  ADD KEY `userId` (`userId`);

--
-- Indexes for table `venue_timeslot`
--
ALTER TABLE `venue_timeslot`
  ADD PRIMARY KEY (`id`,`venueId`,`timeslotId`),
  ADD KEY `venueId` (`venueId`),
  ADD KEY `bookingId` (`bookingId`),
  ADD KEY `timeslotId` (`timeslotId`);

--
-- AUTO_INCREMENT for dumped tables
--

--
-- AUTO_INCREMENT for table `account`
--
ALTER TABLE `account`
  MODIFY `id` int(11) NOT NULL AUTO_INCREMENT, AUTO_INCREMENT=11;

--
-- AUTO_INCREMENT for table `booking`
--
ALTER TABLE `booking`
  MODIFY `id` int(11) NOT NULL AUTO_INCREMENT, AUTO_INCREMENT=41;

--
-- AUTO_INCREMENT for table `guest`
--
ALTER TABLE `guest`
  MODIFY `id` int(11) NOT NULL AUTO_INCREMENT, AUTO_INCREMENT=51;

--
-- AUTO_INCREMENT for table `guestlist`
--
ALTER TABLE `guestlist`
  MODIFY `id` int(11) NOT NULL AUTO_INCREMENT, AUTO_INCREMENT=13;

--
-- AUTO_INCREMENT for table `guestlist_guest`
--
ALTER TABLE `guestlist_guest`
  MODIFY `id` int(11) NOT NULL AUTO_INCREMENT, AUTO_INCREMENT=41;

--
-- AUTO_INCREMENT for table `timeslot`
--
ALTER TABLE `timeslot`
  MODIFY `id` int(11) NOT NULL AUTO_INCREMENT, AUTO_INCREMENT=13;

--
-- AUTO_INCREMENT for table `user`
--
ALTER TABLE `user`
  MODIFY `id` int(11) NOT NULL AUTO_INCREMENT, AUTO_INCREMENT=11;

--
-- AUTO_INCREMENT for table `venue`
--
ALTER TABLE `venue`
  MODIFY `id` int(11) NOT NULL AUTO_INCREMENT, AUTO_INCREMENT=6;

--
-- AUTO_INCREMENT for table `venue_timeslot`
--
ALTER TABLE `venue_timeslot`
  MODIFY `id` int(11) NOT NULL AUTO_INCREMENT, AUTO_INCREMENT=1959;

--
-- Constraints for dumped tables
--

--
-- Constraints for table `booking`
--
ALTER TABLE `booking`
  ADD CONSTRAINT `booking_ibfk_1` FOREIGN KEY (`userId`) REFERENCES `user` (`id`) ON DELETE CASCADE;

--
-- Constraints for table `guest`
--
ALTER TABLE `guest`
  ADD CONSTRAINT `guest_ibfk_1` FOREIGN KEY (`userId`) REFERENCES `user` (`id`) ON DELETE CASCADE;

--
-- Constraints for table `guestlist`
--
ALTER TABLE `guestlist`
  ADD CONSTRAINT `guestlist_ibfk_1` FOREIGN KEY (`bookingId`) REFERENCES `booking` (`id`) ON DELETE CASCADE,
  ADD CONSTRAINT `guestlist_ibfk_2` FOREIGN KEY (`venueId`) REFERENCES `venue` (`id`) ON DELETE CASCADE;

--
-- Constraints for table `guestlist_guest`
--
ALTER TABLE `guestlist_guest`
  ADD CONSTRAINT `guestlist_guest_ibfk_1` FOREIGN KEY (`guestlistId`) REFERENCES `guestlist` (`id`) ON DELETE CASCADE,
  ADD CONSTRAINT `guestlist_guest_ibfk_2` FOREIGN KEY (`guestId`) REFERENCES `guest` (`id`) ON DELETE CASCADE;

--
-- Constraints for table `user`
--
ALTER TABLE `user`
  ADD CONSTRAINT `user_ibfk_1` FOREIGN KEY (`accountId`) REFERENCES `account` (`id`) ON DELETE CASCADE;

--
-- Constraints for table `venue`
--
ALTER TABLE `venue`
  ADD CONSTRAINT `venue_ibfk_1` FOREIGN KEY (`userId`) REFERENCES `user` (`id`) ON DELETE SET NULL;

--
-- Constraints for table `venue_timeslot`
--
ALTER TABLE `venue_timeslot`
  ADD CONSTRAINT `venue_timeslot_ibfk_1` FOREIGN KEY (`venueId`) REFERENCES `venue` (`id`) ON DELETE CASCADE,
  ADD CONSTRAINT `venue_timeslot_ibfk_2` FOREIGN KEY (`bookingId`) REFERENCES `booking` (`id`) ON DELETE SET NULL,
  ADD CONSTRAINT `venue_timeslot_ibfk_3` FOREIGN KEY (`timeslotId`) REFERENCES `timeslot` (`id`) ON DELETE CASCADE;
COMMIT;

/*!40101 SET CHARACTER_SET_CLIENT=@OLD_CHARACTER_SET_CLIENT */;
/*!40101 SET CHARACTER_SET_RESULTS=@OLD_CHARACTER_SET_RESULTS */;
/*!40101 SET COLLATION_CONNECTION=@OLD_COLLATION_CONNECTION */;
