-- phpMyAdmin SQL Dump
-- version 5.2.0
-- https://www.phpmyadmin.net/
--
-- 主機： 127.0.0.1
-- 產生時間： 2023-04-25 12:06:35
-- 伺服器版本： 10.4.24-MariaDB
-- PHP 版本： 8.1.6

SET SQL_MODE = "NO_AUTO_VALUE_ON_ZERO";
START TRANSACTION;
SET time_zone = "+00:00";


/*!40101 SET @OLD_CHARACTER_SET_CLIENT=@@CHARACTER_SET_CLIENT */;
/*!40101 SET @OLD_CHARACTER_SET_RESULTS=@@CHARACTER_SET_RESULTS */;
/*!40101 SET @OLD_COLLATION_CONNECTION=@@COLLATION_CONNECTION */;
/*!40101 SET NAMES utf8mb4 */;

--
-- 資料庫： `itp4511_asm_db`
--

-- --------------------------------------------------------

--
-- 資料表結構 `account`
--

CREATE TABLE `account` (
  `id` int(11) NOT NULL,
  `username` varchar(25) NOT NULL,
  `password` varchar(25) NOT NULL,
  `role` tinyint(1) NOT NULL
) ENGINE=InnoDB DEFAULT CHARSET=utf8mb4;

--
-- 傾印資料表的資料 `account`
--

INSERT INTO `account` (`id`, `username`, `password`, `role`) VALUES
(1, 'ben', 'password', 3),
(2, 'ken', 'password', 3),
(3, 'member', 'password', 1),
(4, 'staff', 'password', 2),
(5, 'david', 'password', 1),
(6, 'sarah', 'password', 2),
(7, 'robert', 'password', 1),
(8, 'emily', 'password', 2),
(9, 'ethan', 'password', 1),
(10, 'olivia', 'password', 2);

-- --------------------------------------------------------

--
-- 資料表結構 `booking`
--

CREATE TABLE `booking` (
  `id` int(11) NOT NULL,
  `userId` int(11) NOT NULL,
  `amount` decimal(10,2) NOT NULL,
  `createDate` date NOT NULL DEFAULT current_timestamp(),
  `status` tinyint(1) NOT NULL DEFAULT 1
) ENGINE=InnoDB DEFAULT CHARSET=utf8mb4;

--
-- 傾印資料表的資料 `booking`
--

INSERT INTO `booking` (`id`, `userId`, `amount`, `createDate`, `status`) VALUES
(1, 3, '1800.00', '2023-04-11', 1),
(2, 5, '300.00', '2023-04-11', 1),
(3, 3, '1650.00', '2023-04-11', 5),
(4, 3, '300.00', '2023-04-11', 1),
(5, 3, '300.00', '2023-04-11', 4),
(6, 7, '300.00', '2023-04-11', 2),
(7, 3, '750.00', '2023-04-11', 1),
(8, 3, '600.00', '2023-04-11', 3),
(9, 9, '450.00', '2023-04-11', 1);

-- --------------------------------------------------------

--
-- 資料表結構 `guest`
--

CREATE TABLE `guest` (
  `id` int(11) NOT NULL,
  `userId` int(11) NOT NULL,
  `name` varchar(50) NOT NULL,
  `email` varchar(50) NOT NULL
) ENGINE=InnoDB DEFAULT CHARSET=utf8mb4;

--
-- 傾印資料表的資料 `guest`
--

INSERT INTO `guest` (`id`, `userId`, `name`, `email`) VALUES
(1, 1, 'John Smith', 'john.smith@example.com'),
(2, 1, 'Jane Doe', 'jane.doe@example.com'),
(3, 1, 'Bob Johnson', 'bob.johnson@example.com'),
(4, 1, 'Sara Lee', 'sara.lee@example.com'),
(5, 1, 'David Kim', 'david.kim@example.com'),
(6, 1, 'Emily Chen', 'emily.chen@example.com'),
(7, 1, 'Michael Wong', 'michael.wong@example.com'),
(8, 1, 'Lisa Brown', 'lisa.brown@example.com'),
(9, 1, 'Chris Davis', 'chris.davis@example.com'),
(10, 1, 'Karen Lee', 'karen.lee@example.com'),
(11, 2, 'John Smith', 'john.smith@example.com'),
(12, 2, 'Jane Doe', 'jane.doe@example.com'),
(13, 2, 'Bob Johnson', 'bob.johnson@example.com'),
(14, 2, 'Sara Lee', 'sara.lee@example.com'),
(15, 2, 'David Kim', 'david.kim@example.com'),
(16, 2, 'Emily Chen', 'emily.chen@example.com'),
(17, 2, 'Michael Wong', 'michael.wong@example.com'),
(18, 2, 'Lisa Brown', 'lisa.brown@example.com'),
(19, 2, 'Chris Davis', 'chris.davis@example.com'),
(20, 2, 'Karen Lee', 'karen.lee@example.com'),
(21, 3, 'John Smith', 'john.smith@example.com'),
(22, 3, 'Jane Doe', 'jane.doe@example.com'),
(23, 3, 'Bob Johnson', 'bob.johnson@example.com'),
(24, 3, 'Sara Lee', 'sara.lee@example.com'),
(25, 3, 'David Kim', 'david.kim@example.com'),
(26, 3, 'Emily Chen', 'emily.chen@example.com'),
(27, 3, 'Michael Wong', 'michael.wong@example.com'),
(28, 3, 'Lisa Brown', 'lisa.brown@example.com'),
(29, 3, 'Chris Davis', 'chris.davis@example.com'),
(30, 3, 'Karen Lee', 'karen.lee@example.com'),
(31, 4, 'John Smith', 'john.smith@example.com'),
(32, 4, 'Jane Doe', 'jane.doe@example.com'),
(33, 4, 'Bob Johnson', 'bob.johnson@example.com'),
(34, 4, 'Sara Lee', 'sara.lee@example.com'),
(35, 4, 'David Kim', 'david.kim@example.com'),
(36, 4, 'Emily Chen', 'emily.chen@example.com'),
(37, 5, 'Michael Wong', 'michael.wong@example.com'),
(38, 5, 'Lisa Brown', 'lisa.brown@example.com'),
(39, 5, 'Chris Davis', 'chris.davis@example.com'),
(40, 5, 'Karen Lee', 'karen.lee@example.com'),
(41, 6, 'John Smith', 'john.smith@example.com'),
(42, 6, 'Jane Doe', 'jane.doe@example.com'),
(43, 6, 'Bob Johnson', 'bob.johnson@example.com'),
(44, 6, 'Sara Lee', 'sara.lee@example.com'),
(45, 6, 'David Kim', 'david.kim@example.com'),
(46, 6, 'Emily Chen', 'emily.chen@example.com'),
(47, 6, 'Michael Wong', 'michael.wong@example.com'),
(48, 6, 'Lisa Brown', 'lisa.brown@example.com'),
(49, 6, 'Chris Davis', 'chris.davis@example.com'),
(50, 6, 'Karen Lee', 'karen.lee@example.com');

-- --------------------------------------------------------

--
-- 資料表結構 `guestlist`
--

CREATE TABLE `guestlist` (
  `id` int(11) NOT NULL,
  `createDate` date NOT NULL DEFAULT current_timestamp(),
  `bookingId` int(11) NOT NULL,
  `venueId` int(11) NOT NULL
) ENGINE=InnoDB DEFAULT CHARSET=utf8mb4;

--
-- 傾印資料表的資料 `guestlist`
--

INSERT INTO `guestlist` (`id`, `createDate`, `bookingId`, `venueId`) VALUES
(1, '2023-04-11', 1, 1),
(2, '2023-04-11', 1, 2),
(3, '2023-04-11', 2, 1),
(4, '2023-04-11', 3, 2),
(5, '2023-04-11', 3, 3),
(6, '2023-04-11', 4, 4),
(7, '2023-04-11', 5, 3),
(8, '2023-04-11', 6, 4),
(9, '2023-04-11', 7, 5),
(10, '2023-04-11', 8, 1),
(11, '2023-04-11', 8, 2),
(12, '2023-04-11', 9, 3);

-- --------------------------------------------------------

--
-- 資料表結構 `guestlist_guest`
--

CREATE TABLE `guestlist_guest` (
  `id` int(11) NOT NULL,
  `guestlistId` int(11) NOT NULL,
  `guestId` int(11) NOT NULL
) ENGINE=InnoDB DEFAULT CHARSET=utf8mb4;

--
-- 傾印資料表的資料 `guestlist_guest`
--

INSERT INTO `guestlist_guest` (`id`, `guestlistId`, `guestId`) VALUES
(1, 1, 1),
(2, 1, 3),
(3, 1, 5),
(4, 1, 2),
(5, 1, 4),
(6, 1, 6),
(7, 1, 8),
(8, 1, 7),
(9, 1, 9),
(10, 1, 10),
(11, 2, 11),
(12, 2, 12),
(13, 2, 13),
(14, 2, 14),
(15, 2, 15),
(16, 2, 16),
(17, 2, 17),
(18, 2, 18),
(19, 2, 19),
(20, 2, 20),
(21, 3, 21),
(22, 3, 22),
(23, 3, 23),
(24, 3, 24),
(25, 3, 25),
(26, 3, 26),
(27, 3, 27),
(28, 3, 28),
(29, 3, 29),
(30, 3, 30),
(31, 4, 31),
(32, 4, 32),
(33, 4, 33),
(34, 4, 34),
(35, 4, 35),
(36, 4, 36),
(37, 5, 37),
(38, 5, 38),
(39, 5, 39),
(40, 5, 40);

-- --------------------------------------------------------

--
-- 資料表結構 `timeslot`
--

CREATE TABLE `timeslot` (
  `id` int(11) NOT NULL,
  `startTime` time NOT NULL,
  `endTime` time NOT NULL
) ENGINE=InnoDB DEFAULT CHARSET=utf8mb4;

--
-- 傾印資料表的資料 `timeslot`
--

INSERT INTO `timeslot` (`id`, `startTime`, `endTime`) VALUES
(1, '09:30:00', '10:30:00'),
(2, '10:30:00', '11:30:00'),
(3, '11:30:00', '12:30:00'),
(4, '12:30:00', '13:30:00'),
(5, '13:30:00', '14:30:00'),
(6, '14:30:00', '15:30:00'),
(7, '15:30:00', '16:30:00'),
(8, '16:30:00', '17:30:00'),
(9, '17:30:00', '18:30:00'),
(10, '18:30:00', '19:30:00'),
(11, '19:30:00', '20:30:00'),
(12, '20:30:00', '21:30:00');

-- --------------------------------------------------------

--
-- 資料表結構 `user`
--

CREATE TABLE `user` (
  `id` int(11) NOT NULL,
  `accountId` int(11) NOT NULL,
  `firstName` varchar(25) NOT NULL,
  `lastName` varchar(25) NOT NULL,
  `email` varchar(50) NOT NULL,
  `phone` varchar(15) NOT NULL
) ENGINE=InnoDB DEFAULT CHARSET=utf8mb4;

--
-- 傾印資料表的資料 `user`
--

INSERT INTO `user` (`id`, `accountId`, `firstName`, `lastName`, `email`, `phone`) VALUES
(1, 1, 'Ben', 'Poon', 'benpoon@example.com', '852-5456-7890'),
(2, 2, 'Ken', 'Lee', 'kenlee@example.com', '852-6567-8901'),
(3, 3, 'Michael', 'Johnson', 'michaeljohnson@example.com', '852-6678-9012'),
(4, 4, 'Amanda', 'Brown', 'amandabrown@example.com', '852-5789-0123'),
(5, 5, 'David', 'Davis', 'daviddavis@example.com', '852-9890-1234'),
(6, 6, 'Sarah', 'Jackson', 'sarahjackson@example.com', '852-6901-2345'),
(7, 7, 'Robert', 'Garcia', 'robertgarcia@example.com', '852-6012-3456'),
(8, 8, 'Emily', 'Rodriguez', 'emilyrodriguez@example.com', '852-5123-4567'),
(9, 9, 'Ethan', 'Hernandez', 'ethanhernandez@example.com', '852-6234-5678'),
(10, 10, 'Olivia', 'Martinez', 'oliviamartinez@example.com', '852-9345-6789');

-- --------------------------------------------------------

--
-- 資料表結構 `venue`
--

CREATE TABLE `venue` (
  `id` int(11) NOT NULL,
  `name` varchar(50) NOT NULL,
  `district` varchar(50) NOT NULL,
  `address` varchar(255) NOT NULL,
  `capacity` int(11) NOT NULL,
  `type` tinyint(2) NOT NULL,
  `img` varchar(255) NOT NULL,
  `description` varchar(255) DEFAULT NULL,
  `userId` int(11) DEFAULT NULL,
  `hourlyRate` double NOT NULL,
  `enable` tinyint(1) NOT NULL DEFAULT 1
) ENGINE=InnoDB DEFAULT CHARSET=utf8mb4;

--
-- 傾印資料表的資料 `venue`
--

INSERT INTO `venue` (`id`, `name`, `district`, `address`, `capacity`, `type`, `img`, `description`, `userId`, `hourlyRate`, `enable`) VALUES
(1, 'EPL(Tuen Mun)', 'Tuen Mun District', '18 Hoi Wing Road, Tuen Mun, HK', 500, 2, 'img/venues/tuen-mun.jpg', 'This venue is located in the heart of Tuen Mun and is perfect for small to medium-sized events.', 4, 100, 1),
(2, 'EPL(Sha Tin)', 'Sha Tin District', '1 Yuen Wo Rd, Sha Tin, Hong Kong', 1000, 1, 'img/venues/sha-tin.jpg', 'This venue is located in the scenic Sha Tin area and is perfect for large indoor events.', 6, 200, 1),
(3, 'EPL(Tsing Yi)', 'Kwai Tsing District', '30 Tsing King Rd, Tsing Yi, HK', 800, 5, 'img/venues/tsing-yi.jpg', 'This venue is located in Tsing Yi and is perfect for conferences and corporate events.', 8, 150, 1),
(4, 'EPL(Lee Wai Lee)', 'Sai Kung District', '3 King Ling Road, Tseung Kwan O, HK', 300, 3, 'img/venues/lee-wai-lee.jpg', 'This venue is located in the bustling  Tseung Kwan O area and is perfect for intimate gatherings.', 10, 75, 1),
(5, 'EPL(Chai Wan)', 'Eastern District', '60 Wing Tai Rd, Chai Wan, HK', 1200, 4, 'img/venues/chai-wan.jpg', 'This venue is located in Chai Wan and is perfect for large outdoor events such as concerts and festivals.', 4, 250, 1);

-- --------------------------------------------------------

--
-- 資料表結構 `venue_timeslot`
--

CREATE TABLE `venue_timeslot` (
  `id` int(11) NOT NULL,
  `venueId` int(11) NOT NULL,
  `timeslotId` int(11) NOT NULL,
  `bookingId` int(11) DEFAULT NULL,
  `date` date NOT NULL
) ENGINE=InnoDB DEFAULT CHARSET=utf8mb4;

--
-- 傾印資料表的資料 `venue_timeslot`
--

INSERT INTO `venue_timeslot` (`id`, `venueId`, `timeslotId`, `bookingId`, `date`) VALUES
(1, 1, 1, 1, '2023-04-08'),
(2, 1, 2, 1, '2023-04-08'),
(3, 1, 3, 1, '2023-04-08'),
(4, 1, 4, NULL, '2023-04-08'),
(6, 1, 6, 2, '2023-04-08'),
(7, 1, 7, 2, '2023-04-08'),
(8, 1, 8, 2, '2023-04-08'),
(9, 1, 9, NULL, '2023-04-08'),
(11, 1, 11, NULL, '2023-04-08'),
(12, 1, 12, NULL, '2023-04-08'),
(25, 3, 1, NULL, '2023-04-08'),
(26, 3, 2, 4, '2023-04-08'),
(27, 3, 3, 4, '2023-04-08'),
(28, 3, 4, 4, '2023-04-08'),
(29, 3, 5, 4, '2023-04-08'),
(30, 3, 6, NULL, '2023-04-08'),
(31, 3, 7, NULL, '2023-04-08'),
(32, 3, 8, 3, '2023-04-08'),
(33, 3, 9, 3, '2023-04-08'),
(34, 3, 10, 3, '2023-04-08'),
(35, 3, 11, 5, '2023-04-08'),
(36, 3, 12, 5, '2023-04-08'),
(37, 4, 1, 6, '2023-04-08'),
(38, 4, 2, 6, '2023-04-08'),
(39, 4, 3, 6, '2023-04-08'),
(40, 4, 4, 6, '2023-04-08'),
(41, 4, 5, NULL, '2023-04-08'),
(49, 5, 1, NULL, '2023-04-08'),
(50, 5, 2, NULL, '2023-04-08'),
(51, 5, 3, 7, '2023-04-08'),
(52, 5, 4, 7, '2023-04-08'),
(55, 5, 7, NULL, '2023-04-08'),
(56, 5, 8, NULL, '2023-04-08'),
(57, 5, 9, NULL, '2023-04-08'),
(58, 5, 10, NULL, '2023-04-08'),
(59, 5, 11, NULL, '2023-04-08'),
(60, 5, 12, NULL, '2023-04-08'),
(61, 1, 1, NULL, '2023-04-09'),
(62, 1, 2, NULL, '2023-04-09'),
(63, 1, 3, 1, '2023-04-09'),
(64, 1, 4, 1, '2023-04-09'),
(85, 3, 1, NULL, '2023-04-09'),
(86, 3, 2, NULL, '2023-04-09'),
(87, 3, 3, NULL, '2023-04-09'),
(88, 3, 4, NULL, '2023-04-09'),
(89, 3, 5, 9, '2023-04-09'),
(90, 3, 6, 9, '2023-04-09'),
(91, 3, 7, 9, '2023-04-09'),
(92, 3, 8, NULL, '2023-04-09'),
(93, 3, 9, NULL, '2023-04-09'),
(94, 3, 10, NULL, '2023-04-09'),
(95, 3, 11, NULL, '2023-04-09'),
(96, 3, 12, NULL, '2023-04-09'),
(97, 4, 1, NULL, '2023-04-09'),
(98, 4, 2, NULL, '2023-04-09'),
(99, 4, 3, NULL, '2023-04-09'),
(100, 4, 4, NULL, '2023-04-09'),
(101, 4, 5, NULL, '2023-04-09'),
(109, 5, 1, NULL, '2023-04-09'),
(110, 5, 2, NULL, '2023-04-09'),
(111, 5, 3, NULL, '2023-04-09'),
(112, 5, 4, NULL, '2023-04-09'),
(115, 5, 7, NULL, '2023-04-09'),
(116, 5, 8, NULL, '2023-04-09'),
(117, 5, 9, NULL, '2023-04-09'),
(118, 5, 10, NULL, '2023-04-09'),
(119, 5, 11, NULL, '2023-04-09'),
(120, 5, 12, NULL, '2023-04-09'),
(121, 1, 1, NULL, '2023-04-10'),
(122, 1, 2, NULL, '2023-04-10'),
(123, 1, 3, NULL, '2023-04-10'),
(124, 1, 4, NULL, '2023-04-10'),
(126, 1, 6, NULL, '2023-04-10'),
(127, 1, 7, NULL, '2023-04-10'),
(128, 1, 8, NULL, '2023-04-10'),
(129, 1, 9, NULL, '2023-04-10'),
(131, 1, 11, NULL, '2023-04-10'),
(132, 1, 12, NULL, '2023-04-10'),
(133, 2, 1, NULL, '2023-04-10'),
(134, 2, 2, NULL, '2023-04-10'),
(135, 2, 3, NULL, '2023-04-10'),
(136, 2, 4, NULL, '2023-04-10'),
(137, 2, 5, NULL, '2023-04-10'),
(138, 2, 6, NULL, '2023-04-10'),
(139, 2, 7, NULL, '2023-04-10'),
(140, 2, 8, NULL, '2023-04-10'),
(141, 2, 9, NULL, '2023-04-10'),
(142, 2, 10, NULL, '2023-04-10'),
(143, 2, 11, NULL, '2023-04-10'),
(144, 2, 12, NULL, '2023-04-10'),
(157, 4, 1, NULL, '2023-04-10'),
(158, 4, 2, NULL, '2023-04-10'),
(159, 4, 3, NULL, '2023-04-10'),
(160, 4, 4, NULL, '2023-04-10'),
(161, 4, 5, NULL, '2023-04-10'),
(162, 4, 6, NULL, '2023-04-10'),
(163, 4, 7, NULL, '2023-04-10'),
(164, 4, 8, NULL, '2023-04-10'),
(165, 4, 9, NULL, '2023-04-10'),
(166, 4, 10, NULL, '2023-04-10'),
(167, 4, 11, NULL, '2023-04-10'),
(168, 4, 12, NULL, '2023-04-10'),
(169, 5, 1, NULL, '2023-04-10'),
(170, 5, 2, NULL, '2023-04-10'),
(171, 5, 3, NULL, '2023-04-10'),
(172, 5, 4, NULL, '2023-04-10'),
(175, 5, 7, NULL, '2023-04-10'),
(176, 5, 8, NULL, '2023-04-10'),
(177, 5, 9, NULL, '2023-04-10'),
(179, 5, 11, NULL, '2023-04-10'),
(180, 5, 12, NULL, '2023-04-10'),
(181, 1, 1, NULL, '2023-04-11'),
(182, 1, 2, NULL, '2023-04-11'),
(183, 1, 3, NULL, '2023-04-11'),
(184, 1, 4, NULL, '2023-04-11'),
(186, 1, 6, NULL, '2023-04-11'),
(187, 1, 7, NULL, '2023-04-11'),
(188, 1, 8, NULL, '2023-04-11'),
(189, 1, 9, NULL, '2023-04-11'),
(191, 1, 11, NULL, '2023-04-11'),
(192, 1, 12, NULL, '2023-04-11'),
(193, 2, 1, NULL, '2023-04-11'),
(194, 2, 2, NULL, '2023-04-11'),
(195, 2, 3, NULL, '2023-04-11'),
(196, 2, 4, NULL, '2023-04-11'),
(197, 2, 5, NULL, '2023-04-11'),
(198, 2, 6, NULL, '2023-04-11'),
(199, 2, 7, NULL, '2023-04-11'),
(200, 2, 8, NULL, '2023-04-11'),
(201, 2, 9, NULL, '2023-04-11'),
(202, 2, 10, NULL, '2023-04-11'),
(203, 2, 11, NULL, '2023-04-11'),
(204, 2, 12, NULL, '2023-04-11'),
(205, 3, 1, NULL, '2023-04-11'),
(206, 3, 2, NULL, '2023-04-11'),
(207, 3, 3, NULL, '2023-04-11'),
(208, 3, 4, NULL, '2023-04-11'),
(209, 3, 5, NULL, '2023-04-11'),
(211, 3, 7, NULL, '2023-04-11'),
(212, 3, 8, NULL, '2023-04-11'),
(213, 3, 9, NULL, '2023-04-11'),
(214, 3, 10, NULL, '2023-04-11'),
(215, 3, 11, NULL, '2023-04-11'),
(216, 3, 12, NULL, '2023-04-11'),
(217, 4, 1, NULL, '2023-04-11'),
(218, 4, 2, NULL, '2023-04-11'),
(219, 4, 3, NULL, '2023-04-11'),
(220, 4, 4, NULL, '2023-04-11'),
(221, 4, 5, NULL, '2023-04-11'),
(222, 4, 6, NULL, '2023-04-11'),
(223, 4, 7, NULL, '2023-04-11'),
(224, 4, 8, NULL, '2023-04-11'),
(225, 4, 9, NULL, '2023-04-11'),
(226, 4, 10, NULL, '2023-04-11'),
(227, 4, 11, NULL, '2023-04-11'),
(228, 4, 12, NULL, '2023-04-11'),
(229, 5, 1, NULL, '2023-04-11'),
(230, 5, 2, NULL, '2023-04-11'),
(231, 5, 3, NULL, '2023-04-11'),
(232, 5, 4, NULL, '2023-04-11'),
(235, 5, 7, NULL, '2023-04-11'),
(236, 5, 8, NULL, '2023-04-11'),
(237, 5, 9, NULL, '2023-04-11'),
(238, 5, 10, NULL, '2023-04-11'),
(239, 5, 11, NULL, '2023-04-11'),
(240, 5, 12, NULL, '2023-04-11'),
(241, 1, 1, NULL, '2023-04-12'),
(242, 1, 2, NULL, '2023-04-12'),
(243, 1, 3, NULL, '2023-04-12'),
(244, 1, 4, NULL, '2023-04-12'),
(246, 1, 6, NULL, '2023-04-12'),
(247, 1, 7, NULL, '2023-04-12'),
(248, 1, 8, NULL, '2023-04-12'),
(249, 1, 9, NULL, '2023-04-12'),
(251, 1, 11, NULL, '2023-04-12'),
(252, 1, 12, NULL, '2023-04-12'),
(253, 2, 1, NULL, '2023-04-12'),
(254, 2, 2, NULL, '2023-04-12'),
(255, 2, 3, NULL, '2023-04-12'),
(256, 2, 4, NULL, '2023-04-12'),
(257, 2, 5, NULL, '2023-04-12'),
(258, 2, 6, NULL, '2023-04-12'),
(259, 2, 7, NULL, '2023-04-12'),
(260, 2, 8, NULL, '2023-04-12'),
(261, 2, 9, NULL, '2023-04-12'),
(262, 2, 10, NULL, '2023-04-12'),
(263, 2, 11, NULL, '2023-04-12'),
(264, 2, 12, NULL, '2023-04-12'),
(265, 3, 1, NULL, '2023-04-12'),
(266, 3, 2, NULL, '2023-04-12'),
(267, 3, 3, NULL, '2023-04-12'),
(268, 3, 4, NULL, '2023-04-12'),
(269, 3, 5, NULL, '2023-04-12'),
(271, 3, 7, NULL, '2023-04-12'),
(272, 3, 8, NULL, '2023-04-12'),
(273, 3, 9, NULL, '2023-04-12'),
(274, 3, 10, NULL, '2023-04-12'),
(275, 3, 11, NULL, '2023-04-12'),
(276, 3, 12, NULL, '2023-04-12'),
(277, 4, 1, NULL, '2023-04-12'),
(278, 4, 2, NULL, '2023-04-12'),
(279, 4, 3, NULL, '2023-04-12'),
(280, 4, 4, NULL, '2023-04-12'),
(281, 4, 5, NULL, '2023-04-12'),
(282, 4, 6, NULL, '2023-04-12'),
(283, 4, 7, NULL, '2023-04-12'),
(284, 4, 8, NULL, '2023-04-12'),
(285, 4, 9, NULL, '2023-04-12'),
(286, 4, 10, NULL, '2023-04-12'),
(287, 4, 11, NULL, '2023-04-12'),
(288, 4, 12, NULL, '2023-04-12'),
(289, 5, 1, NULL, '2023-04-12'),
(290, 5, 2, NULL, '2023-04-12'),
(291, 5, 3, NULL, '2023-04-12'),
(292, 5, 4, NULL, '2023-04-12'),
(295, 5, 7, NULL, '2023-04-12'),
(296, 5, 8, NULL, '2023-04-12'),
(297, 5, 9, NULL, '2023-04-12'),
(298, 5, 10, NULL, '2023-04-12'),
(299, 5, 11, NULL, '2023-04-12'),
(300, 5, 12, NULL, '2023-04-12'),
(301, 1, 1, NULL, '2023-04-13'),
(302, 1, 2, NULL, '2023-04-13'),
(303, 1, 3, NULL, '2023-04-13'),
(304, 1, 4, NULL, '2023-04-13'),
(306, 1, 6, NULL, '2023-04-13'),
(307, 1, 7, NULL, '2023-04-13'),
(308, 1, 8, NULL, '2023-04-13'),
(309, 1, 9, NULL, '2023-04-13'),
(311, 1, 11, NULL, '2023-04-13'),
(312, 1, 12, NULL, '2023-04-13'),
(313, 2, 1, NULL, '2023-04-13'),
(314, 2, 2, NULL, '2023-04-13'),
(315, 2, 3, NULL, '2023-04-13'),
(316, 2, 4, NULL, '2023-04-13'),
(317, 2, 5, NULL, '2023-04-13'),
(318, 2, 6, NULL, '2023-04-13'),
(319, 2, 7, NULL, '2023-04-13'),
(320, 2, 8, NULL, '2023-04-13'),
(321, 2, 9, NULL, '2023-04-13'),
(322, 2, 10, NULL, '2023-04-13'),
(323, 2, 11, NULL, '2023-04-13'),
(324, 2, 12, NULL, '2023-04-13'),
(337, 4, 1, NULL, '2023-04-13'),
(338, 4, 2, NULL, '2023-04-13'),
(339, 4, 3, NULL, '2023-04-13'),
(340, 4, 4, NULL, '2023-04-13'),
(341, 4, 5, NULL, '2023-04-13'),
(342, 4, 6, NULL, '2023-04-13'),
(343, 4, 7, NULL, '2023-04-13'),
(344, 4, 8, NULL, '2023-04-13'),
(345, 4, 9, NULL, '2023-04-13'),
(346, 4, 10, NULL, '2023-04-13'),
(347, 4, 11, NULL, '2023-04-13'),
(348, 4, 12, NULL, '2023-04-13'),
(349, 5, 1, NULL, '2023-04-13'),
(350, 5, 2, NULL, '2023-04-13'),
(351, 5, 3, NULL, '2023-04-13'),
(352, 5, 4, NULL, '2023-04-13'),
(355, 5, 7, NULL, '2023-04-13'),
(356, 5, 8, NULL, '2023-04-13'),
(357, 5, 9, NULL, '2023-04-13'),
(358, 5, 10, NULL, '2023-04-13'),
(359, 5, 11, NULL, '2023-04-13'),
(360, 5, 12, NULL, '2023-04-13'),
(361, 1, 1, NULL, '2023-04-14'),
(362, 1, 2, NULL, '2023-04-14'),
(363, 1, 3, NULL, '2023-04-14'),
(364, 1, 4, NULL, '2023-04-14'),
(366, 1, 6, NULL, '2023-04-14'),
(367, 1, 7, NULL, '2023-04-14'),
(368, 1, 8, NULL, '2023-04-14'),
(369, 1, 9, NULL, '2023-04-14'),
(371, 1, 11, NULL, '2023-04-14'),
(372, 1, 12, NULL, '2023-04-14'),
(373, 2, 1, NULL, '2023-04-14'),
(374, 2, 2, NULL, '2023-04-14'),
(375, 2, 3, NULL, '2023-04-14'),
(376, 2, 4, NULL, '2023-04-14'),
(377, 2, 5, NULL, '2023-04-14'),
(378, 2, 6, NULL, '2023-04-14'),
(379, 2, 7, NULL, '2023-04-14'),
(380, 2, 8, NULL, '2023-04-14'),
(381, 2, 9, NULL, '2023-04-14'),
(382, 2, 10, NULL, '2023-04-14'),
(383, 2, 11, NULL, '2023-04-14'),
(384, 2, 12, NULL, '2023-04-14'),
(385, 3, 1, NULL, '2023-04-14'),
(386, 3, 2, NULL, '2023-04-14'),
(387, 3, 3, NULL, '2023-04-14'),
(388, 3, 4, NULL, '2023-04-14'),
(389, 3, 5, NULL, '2023-04-14'),
(390, 3, 6, NULL, '2023-04-14'),
(391, 3, 7, NULL, '2023-04-14'),
(392, 3, 8, NULL, '2023-04-14'),
(393, 3, 9, NULL, '2023-04-14'),
(394, 3, 10, NULL, '2023-04-14'),
(395, 3, 11, NULL, '2023-04-14'),
(396, 3, 12, NULL, '2023-04-14'),
(397, 4, 1, NULL, '2023-04-14'),
(398, 4, 2, NULL, '2023-04-14'),
(399, 4, 3, NULL, '2023-04-14'),
(400, 4, 4, NULL, '2023-04-14'),
(401, 4, 5, NULL, '2023-04-14'),
(402, 4, 6, NULL, '2023-04-14'),
(403, 4, 7, NULL, '2023-04-14'),
(404, 4, 8, NULL, '2023-04-14'),
(405, 4, 9, NULL, '2023-04-14'),
(406, 4, 10, NULL, '2023-04-14'),
(407, 4, 11, NULL, '2023-04-14'),
(408, 4, 12, NULL, '2023-04-14'),
(409, 5, 1, NULL, '2023-04-14'),
(410, 5, 2, NULL, '2023-04-14'),
(411, 5, 3, NULL, '2023-04-14'),
(412, 5, 4, NULL, '2023-04-14'),
(415, 5, 7, NULL, '2023-04-14'),
(416, 5, 8, NULL, '2023-04-14'),
(417, 5, 9, NULL, '2023-04-14'),
(418, 5, 10, NULL, '2023-04-14'),
(419, 5, 11, NULL, '2023-04-14'),
(420, 5, 12, NULL, '2023-04-14'),
(421, 1, 1, NULL, '2023-04-15'),
(422, 1, 2, NULL, '2023-04-15'),
(423, 1, 3, NULL, '2023-04-15'),
(424, 1, 4, NULL, '2023-04-15'),
(426, 1, 6, NULL, '2023-04-15'),
(427, 1, 7, NULL, '2023-04-15'),
(428, 1, 8, NULL, '2023-04-15'),
(429, 1, 9, NULL, '2023-04-15'),
(431, 1, 11, NULL, '2023-04-15'),
(432, 1, 12, NULL, '2023-04-15'),
(445, 3, 1, NULL, '2023-04-15'),
(446, 3, 2, NULL, '2023-04-15'),
(447, 3, 3, NULL, '2023-04-15'),
(448, 3, 4, NULL, '2023-04-15'),
(449, 3, 5, NULL, '2023-04-15'),
(450, 3, 6, NULL, '2023-04-15'),
(451, 3, 7, NULL, '2023-04-15'),
(452, 3, 8, NULL, '2023-04-15'),
(453, 3, 9, NULL, '2023-04-15'),
(454, 3, 10, NULL, '2023-04-15'),
(455, 3, 11, NULL, '2023-04-15'),
(456, 3, 12, NULL, '2023-04-15'),
(457, 4, 1, NULL, '2023-04-15'),
(458, 4, 2, NULL, '2023-04-15'),
(459, 4, 3, NULL, '2023-04-15'),
(460, 4, 4, NULL, '2023-04-15'),
(461, 4, 5, NULL, '2023-04-15'),
(469, 5, 1, NULL, '2023-04-15'),
(470, 5, 2, NULL, '2023-04-15'),
(471, 5, 3, NULL, '2023-04-15'),
(472, 5, 4, NULL, '2023-04-15'),
(475, 5, 7, NULL, '2023-04-15'),
(476, 5, 8, NULL, '2023-04-15'),
(477, 5, 9, NULL, '2023-04-15'),
(478, 5, 10, NULL, '2023-04-15'),
(479, 5, 11, NULL, '2023-04-15'),
(480, 5, 12, NULL, '2023-04-15'),
(481, 1, 1, NULL, '2023-04-16'),
(482, 1, 2, NULL, '2023-04-16'),
(483, 1, 3, NULL, '2023-04-16'),
(484, 1, 4, NULL, '2023-04-16'),
(505, 3, 1, NULL, '2023-04-16'),
(506, 3, 2, NULL, '2023-04-16'),
(507, 3, 3, NULL, '2023-04-16'),
(508, 3, 4, NULL, '2023-04-16'),
(509, 3, 5, NULL, '2023-04-16'),
(510, 3, 6, NULL, '2023-04-16'),
(511, 3, 7, NULL, '2023-04-16'),
(512, 3, 8, NULL, '2023-04-16'),
(513, 3, 9, NULL, '2023-04-16'),
(514, 3, 10, NULL, '2023-04-16'),
(515, 3, 11, NULL, '2023-04-16'),
(516, 3, 12, NULL, '2023-04-16'),
(517, 4, 1, NULL, '2023-04-16'),
(518, 4, 2, NULL, '2023-04-16'),
(519, 4, 3, NULL, '2023-04-16'),
(520, 4, 4, NULL, '2023-04-16'),
(521, 4, 5, NULL, '2023-04-16'),
(529, 5, 1, NULL, '2023-04-16'),
(530, 5, 2, NULL, '2023-04-16'),
(531, 5, 3, NULL, '2023-04-16'),
(532, 5, 4, NULL, '2023-04-16'),
(535, 5, 7, NULL, '2023-04-16'),
(536, 5, 8, NULL, '2023-04-16'),
(537, 5, 9, NULL, '2023-04-16'),
(538, 5, 10, NULL, '2023-04-16'),
(539, 5, 11, NULL, '2023-04-16'),
(540, 5, 12, NULL, '2023-04-16'),
(541, 1, 1, NULL, '2023-04-17'),
(542, 1, 2, NULL, '2023-04-17'),
(543, 1, 3, NULL, '2023-04-17'),
(544, 1, 4, NULL, '2023-04-17'),
(546, 1, 6, NULL, '2023-04-17'),
(547, 1, 7, NULL, '2023-04-17'),
(548, 1, 8, NULL, '2023-04-17'),
(549, 1, 9, NULL, '2023-04-17'),
(551, 1, 11, NULL, '2023-04-17'),
(552, 1, 12, NULL, '2023-04-17'),
(553, 2, 1, NULL, '2023-04-17'),
(554, 2, 2, NULL, '2023-04-17'),
(555, 2, 3, NULL, '2023-04-17'),
(556, 2, 4, NULL, '2023-04-17'),
(557, 2, 5, NULL, '2023-04-17'),
(558, 2, 6, NULL, '2023-04-17'),
(559, 2, 7, NULL, '2023-04-17'),
(560, 2, 8, NULL, '2023-04-17'),
(561, 2, 9, NULL, '2023-04-17'),
(562, 2, 10, NULL, '2023-04-17'),
(563, 2, 11, NULL, '2023-04-17'),
(564, 2, 12, NULL, '2023-04-17'),
(577, 4, 1, NULL, '2023-04-17'),
(578, 4, 2, NULL, '2023-04-17'),
(579, 4, 3, NULL, '2023-04-17'),
(580, 4, 4, NULL, '2023-04-17'),
(581, 4, 5, NULL, '2023-04-17'),
(582, 4, 6, NULL, '2023-04-17'),
(583, 4, 7, NULL, '2023-04-17'),
(584, 4, 8, NULL, '2023-04-17'),
(585, 4, 9, NULL, '2023-04-17'),
(586, 4, 10, NULL, '2023-04-17'),
(587, 4, 11, NULL, '2023-04-17'),
(588, 4, 12, NULL, '2023-04-17'),
(589, 5, 1, NULL, '2023-04-17'),
(590, 5, 2, NULL, '2023-04-17'),
(591, 5, 3, NULL, '2023-04-17'),
(592, 5, 4, NULL, '2023-04-17'),
(595, 5, 7, NULL, '2023-04-17'),
(596, 5, 8, NULL, '2023-04-17'),
(597, 5, 9, NULL, '2023-04-17'),
(599, 5, 11, NULL, '2023-04-17'),
(600, 5, 12, NULL, '2023-04-17'),
(601, 1, 1, NULL, '2023-04-18'),
(602, 1, 2, NULL, '2023-04-18'),
(603, 1, 3, NULL, '2023-04-18'),
(604, 1, 4, NULL, '2023-04-18'),
(606, 1, 6, NULL, '2023-04-18'),
(607, 1, 7, NULL, '2023-04-18'),
(608, 1, 8, NULL, '2023-04-18'),
(609, 1, 9, NULL, '2023-04-18'),
(611, 1, 11, NULL, '2023-04-18'),
(612, 1, 12, NULL, '2023-04-18'),
(613, 2, 1, NULL, '2023-04-18'),
(614, 2, 2, NULL, '2023-04-18'),
(615, 2, 3, NULL, '2023-04-18'),
(616, 2, 4, NULL, '2023-04-18'),
(617, 2, 5, NULL, '2023-04-18'),
(618, 2, 6, NULL, '2023-04-18'),
(619, 2, 7, NULL, '2023-04-18'),
(620, 2, 8, NULL, '2023-04-18'),
(621, 2, 9, NULL, '2023-04-18'),
(622, 2, 10, NULL, '2023-04-18'),
(623, 2, 11, NULL, '2023-04-18'),
(624, 2, 12, NULL, '2023-04-18'),
(625, 3, 1, NULL, '2023-04-18'),
(626, 3, 2, NULL, '2023-04-18'),
(627, 3, 3, NULL, '2023-04-18'),
(628, 3, 4, NULL, '2023-04-18'),
(629, 3, 5, NULL, '2023-04-18'),
(631, 3, 7, NULL, '2023-04-18'),
(632, 3, 8, NULL, '2023-04-18'),
(633, 3, 9, NULL, '2023-04-18'),
(634, 3, 10, NULL, '2023-04-18'),
(635, 3, 11, NULL, '2023-04-18'),
(636, 3, 12, NULL, '2023-04-18'),
(637, 4, 1, NULL, '2023-04-18'),
(638, 4, 2, NULL, '2023-04-18'),
(639, 4, 3, NULL, '2023-04-18'),
(640, 4, 4, NULL, '2023-04-18'),
(641, 4, 5, NULL, '2023-04-18'),
(642, 4, 6, NULL, '2023-04-18'),
(643, 4, 7, NULL, '2023-04-18'),
(644, 4, 8, NULL, '2023-04-18'),
(645, 4, 9, NULL, '2023-04-18'),
(646, 4, 10, NULL, '2023-04-18'),
(647, 4, 11, NULL, '2023-04-18'),
(648, 4, 12, NULL, '2023-04-18'),
(649, 5, 1, NULL, '2023-04-18'),
(650, 5, 2, NULL, '2023-04-18'),
(651, 5, 3, NULL, '2023-04-18'),
(652, 5, 4, NULL, '2023-04-18'),
(655, 5, 7, NULL, '2023-04-18'),
(656, 5, 8, NULL, '2023-04-18'),
(657, 5, 9, NULL, '2023-04-18'),
(658, 5, 10, NULL, '2023-04-18'),
(659, 5, 11, NULL, '2023-04-18'),
(660, 5, 12, NULL, '2023-04-18'),
(661, 1, 1, NULL, '2023-04-19'),
(662, 1, 2, NULL, '2023-04-19'),
(663, 1, 3, NULL, '2023-04-19'),
(664, 1, 4, NULL, '2023-04-19'),
(666, 1, 6, NULL, '2023-04-19'),
(667, 1, 7, NULL, '2023-04-19'),
(668, 1, 8, NULL, '2023-04-19'),
(669, 1, 9, NULL, '2023-04-19'),
(671, 1, 11, NULL, '2023-04-19'),
(672, 1, 12, NULL, '2023-04-19'),
(673, 2, 1, NULL, '2023-04-19'),
(674, 2, 2, NULL, '2023-04-19'),
(675, 2, 3, NULL, '2023-04-19'),
(676, 2, 4, NULL, '2023-04-19'),
(677, 2, 5, NULL, '2023-04-19'),
(678, 2, 6, NULL, '2023-04-19'),
(679, 2, 7, NULL, '2023-04-19'),
(680, 2, 8, NULL, '2023-04-19'),
(681, 2, 9, NULL, '2023-04-19'),
(682, 2, 10, NULL, '2023-04-19'),
(683, 2, 11, NULL, '2023-04-19'),
(684, 2, 12, NULL, '2023-04-19'),
(685, 3, 1, NULL, '2023-04-19'),
(686, 3, 2, NULL, '2023-04-19'),
(687, 3, 3, NULL, '2023-04-19'),
(688, 3, 4, NULL, '2023-04-19'),
(689, 3, 5, NULL, '2023-04-19'),
(691, 3, 7, NULL, '2023-04-19'),
(692, 3, 8, NULL, '2023-04-19'),
(693, 3, 9, NULL, '2023-04-19'),
(694, 3, 10, NULL, '2023-04-19'),
(695, 3, 11, NULL, '2023-04-19'),
(696, 3, 12, NULL, '2023-04-19'),
(697, 4, 1, NULL, '2023-04-19'),
(698, 4, 2, NULL, '2023-04-19'),
(699, 4, 3, NULL, '2023-04-19'),
(700, 4, 4, NULL, '2023-04-19'),
(701, 4, 5, NULL, '2023-04-19'),
(702, 4, 6, NULL, '2023-04-19'),
(703, 4, 7, NULL, '2023-04-19'),
(704, 4, 8, NULL, '2023-04-19'),
(705, 4, 9, NULL, '2023-04-19'),
(706, 4, 10, NULL, '2023-04-19'),
(707, 4, 11, NULL, '2023-04-19'),
(708, 4, 12, NULL, '2023-04-19'),
(709, 5, 1, NULL, '2023-04-19'),
(710, 5, 2, NULL, '2023-04-19'),
(711, 5, 3, NULL, '2023-04-19'),
(712, 5, 4, NULL, '2023-04-19'),
(715, 5, 7, NULL, '2023-04-19'),
(716, 5, 8, NULL, '2023-04-19'),
(717, 5, 9, NULL, '2023-04-19'),
(718, 5, 10, NULL, '2023-04-19'),
(719, 5, 11, NULL, '2023-04-19'),
(720, 5, 12, NULL, '2023-04-19'),
(721, 1, 1, NULL, '2023-04-20'),
(722, 1, 2, NULL, '2023-04-20'),
(723, 1, 3, NULL, '2023-04-20'),
(724, 1, 4, NULL, '2023-04-20'),
(726, 1, 6, NULL, '2023-04-20'),
(727, 1, 7, NULL, '2023-04-20'),
(728, 1, 8, NULL, '2023-04-20'),
(729, 1, 9, NULL, '2023-04-20'),
(731, 1, 11, NULL, '2023-04-20'),
(732, 1, 12, NULL, '2023-04-20'),
(733, 2, 1, NULL, '2023-04-20'),
(734, 2, 2, NULL, '2023-04-20'),
(735, 2, 3, NULL, '2023-04-20'),
(736, 2, 4, NULL, '2023-04-20'),
(737, 2, 5, NULL, '2023-04-20'),
(738, 2, 6, NULL, '2023-04-20'),
(739, 2, 7, NULL, '2023-04-20'),
(740, 2, 8, NULL, '2023-04-20'),
(741, 2, 9, NULL, '2023-04-20'),
(742, 2, 10, NULL, '2023-04-20'),
(743, 2, 11, NULL, '2023-04-20'),
(744, 2, 12, NULL, '2023-04-20'),
(757, 4, 1, NULL, '2023-04-20'),
(758, 4, 2, NULL, '2023-04-20'),
(759, 4, 3, NULL, '2023-04-20'),
(760, 4, 4, NULL, '2023-04-20'),
(761, 4, 5, NULL, '2023-04-20'),
(762, 4, 6, NULL, '2023-04-20'),
(763, 4, 7, NULL, '2023-04-20'),
(764, 4, 8, NULL, '2023-04-20'),
(765, 4, 9, NULL, '2023-04-20'),
(766, 4, 10, NULL, '2023-04-20'),
(767, 4, 11, NULL, '2023-04-20'),
(768, 4, 12, NULL, '2023-04-20'),
(769, 5, 1, NULL, '2023-04-20'),
(770, 5, 2, NULL, '2023-04-20'),
(771, 5, 3, NULL, '2023-04-20'),
(772, 5, 4, NULL, '2023-04-20'),
(775, 5, 7, NULL, '2023-04-20'),
(776, 5, 8, NULL, '2023-04-20'),
(777, 5, 9, NULL, '2023-04-20'),
(778, 5, 10, NULL, '2023-04-20'),
(779, 5, 11, NULL, '2023-04-20'),
(780, 5, 12, NULL, '2023-04-20'),
(781, 1, 1, NULL, '2023-04-21'),
(782, 1, 2, NULL, '2023-04-21'),
(783, 1, 3, NULL, '2023-04-21'),
(784, 1, 4, NULL, '2023-04-21'),
(786, 1, 6, NULL, '2023-04-21'),
(787, 1, 7, NULL, '2023-04-21'),
(788, 1, 8, NULL, '2023-04-21'),
(789, 1, 9, NULL, '2023-04-21'),
(791, 1, 11, NULL, '2023-04-21'),
(792, 1, 12, NULL, '2023-04-21'),
(793, 2, 1, NULL, '2023-04-21'),
(794, 2, 2, NULL, '2023-04-21'),
(795, 2, 3, NULL, '2023-04-21'),
(796, 2, 4, NULL, '2023-04-21'),
(797, 2, 5, NULL, '2023-04-21'),
(798, 2, 6, NULL, '2023-04-21'),
(799, 2, 7, NULL, '2023-04-21'),
(800, 2, 8, NULL, '2023-04-21'),
(801, 2, 9, NULL, '2023-04-21'),
(802, 2, 10, NULL, '2023-04-21'),
(803, 2, 11, NULL, '2023-04-21'),
(804, 2, 12, NULL, '2023-04-21'),
(805, 3, 1, NULL, '2023-04-21'),
(806, 3, 2, NULL, '2023-04-21'),
(807, 3, 3, NULL, '2023-04-21'),
(808, 3, 4, NULL, '2023-04-21'),
(809, 3, 5, NULL, '2023-04-21'),
(810, 3, 6, NULL, '2023-04-21'),
(811, 3, 7, NULL, '2023-04-21'),
(812, 3, 8, NULL, '2023-04-21'),
(813, 3, 9, NULL, '2023-04-21'),
(814, 3, 10, NULL, '2023-04-21'),
(815, 3, 11, NULL, '2023-04-21'),
(816, 3, 12, NULL, '2023-04-21'),
(817, 4, 1, NULL, '2023-04-21'),
(818, 4, 2, NULL, '2023-04-21'),
(819, 4, 3, NULL, '2023-04-21'),
(820, 4, 4, NULL, '2023-04-21'),
(821, 4, 5, NULL, '2023-04-21'),
(822, 4, 6, NULL, '2023-04-21'),
(823, 4, 7, NULL, '2023-04-21'),
(824, 4, 8, NULL, '2023-04-21'),
(825, 4, 9, NULL, '2023-04-21'),
(826, 4, 10, NULL, '2023-04-21'),
(827, 4, 11, NULL, '2023-04-21'),
(828, 4, 12, NULL, '2023-04-21'),
(829, 5, 1, NULL, '2023-04-21'),
(830, 5, 2, NULL, '2023-04-21'),
(831, 5, 3, NULL, '2023-04-21'),
(832, 5, 4, NULL, '2023-04-21'),
(835, 5, 7, NULL, '2023-04-21'),
(836, 5, 8, NULL, '2023-04-21'),
(837, 5, 9, NULL, '2023-04-21'),
(838, 5, 10, NULL, '2023-04-21'),
(839, 5, 11, NULL, '2023-04-21'),
(840, 5, 12, NULL, '2023-04-21'),
(841, 1, 1, NULL, '2023-04-22'),
(842, 1, 2, NULL, '2023-04-22'),
(843, 1, 3, NULL, '2023-04-22'),
(844, 1, 4, NULL, '2023-04-22'),
(846, 1, 6, NULL, '2023-04-22'),
(847, 1, 7, NULL, '2023-04-22'),
(848, 1, 8, NULL, '2023-04-22'),
(849, 1, 9, NULL, '2023-04-22'),
(851, 1, 11, NULL, '2023-04-22'),
(852, 1, 12, NULL, '2023-04-22'),
(865, 3, 1, NULL, '2023-04-22'),
(866, 3, 2, NULL, '2023-04-22'),
(867, 3, 3, NULL, '2023-04-22'),
(868, 3, 4, NULL, '2023-04-22'),
(869, 3, 5, NULL, '2023-04-22'),
(870, 3, 6, NULL, '2023-04-22'),
(871, 3, 7, NULL, '2023-04-22'),
(872, 3, 8, NULL, '2023-04-22'),
(873, 3, 9, NULL, '2023-04-22'),
(874, 3, 10, NULL, '2023-04-22'),
(875, 3, 11, NULL, '2023-04-22'),
(876, 3, 12, NULL, '2023-04-22'),
(877, 4, 1, NULL, '2023-04-22'),
(878, 4, 2, NULL, '2023-04-22'),
(879, 4, 3, NULL, '2023-04-22'),
(880, 4, 4, NULL, '2023-04-22'),
(881, 4, 5, NULL, '2023-04-22'),
(889, 5, 1, NULL, '2023-04-22'),
(890, 5, 2, NULL, '2023-04-22'),
(891, 5, 3, NULL, '2023-04-22'),
(892, 5, 4, NULL, '2023-04-22'),
(895, 5, 7, NULL, '2023-04-22'),
(896, 5, 8, NULL, '2023-04-22'),
(897, 5, 9, NULL, '2023-04-22'),
(898, 5, 10, NULL, '2023-04-22'),
(899, 5, 11, NULL, '2023-04-22'),
(900, 5, 12, NULL, '2023-04-22'),
(901, 1, 1, NULL, '2023-04-23'),
(902, 1, 2, NULL, '2023-04-23'),
(903, 1, 3, NULL, '2023-04-23'),
(904, 1, 4, NULL, '2023-04-23'),
(925, 3, 1, NULL, '2023-04-23'),
(926, 3, 2, NULL, '2023-04-23'),
(927, 3, 3, NULL, '2023-04-23'),
(928, 3, 4, NULL, '2023-04-23'),
(929, 3, 5, NULL, '2023-04-23'),
(930, 3, 6, NULL, '2023-04-23'),
(931, 3, 7, NULL, '2023-04-23'),
(932, 3, 8, NULL, '2023-04-23'),
(933, 3, 9, NULL, '2023-04-23'),
(934, 3, 10, NULL, '2023-04-23'),
(935, 3, 11, NULL, '2023-04-23'),
(936, 3, 12, NULL, '2023-04-23'),
(937, 4, 1, NULL, '2023-04-23'),
(938, 4, 2, NULL, '2023-04-23'),
(939, 4, 3, NULL, '2023-04-23'),
(940, 4, 4, NULL, '2023-04-23'),
(941, 4, 5, NULL, '2023-04-23'),
(949, 5, 1, NULL, '2023-04-23'),
(950, 5, 2, NULL, '2023-04-23'),
(951, 5, 3, NULL, '2023-04-23'),
(952, 5, 4, NULL, '2023-04-23'),
(955, 5, 7, NULL, '2023-04-23'),
(956, 5, 8, NULL, '2023-04-23'),
(957, 5, 9, NULL, '2023-04-23'),
(958, 5, 10, NULL, '2023-04-23'),
(959, 5, 11, NULL, '2023-04-23'),
(960, 5, 12, NULL, '2023-04-23'),
(961, 1, 1, NULL, '2023-04-24'),
(962, 1, 2, NULL, '2023-04-24'),
(963, 1, 3, NULL, '2023-04-24'),
(964, 1, 4, NULL, '2023-04-24'),
(966, 1, 6, NULL, '2023-04-24'),
(967, 1, 7, NULL, '2023-04-24'),
(968, 1, 8, NULL, '2023-04-24'),
(969, 1, 9, NULL, '2023-04-24'),
(971, 1, 11, NULL, '2023-04-24'),
(972, 1, 12, NULL, '2023-04-24'),
(973, 2, 1, NULL, '2023-04-24'),
(974, 2, 2, NULL, '2023-04-24'),
(975, 2, 3, NULL, '2023-04-24'),
(976, 2, 4, NULL, '2023-04-24'),
(977, 2, 5, NULL, '2023-04-24'),
(978, 2, 6, NULL, '2023-04-24'),
(979, 2, 7, NULL, '2023-04-24'),
(980, 2, 8, NULL, '2023-04-24'),
(981, 2, 9, NULL, '2023-04-24'),
(982, 2, 10, NULL, '2023-04-24'),
(983, 2, 11, NULL, '2023-04-24'),
(984, 2, 12, NULL, '2023-04-24'),
(997, 4, 1, NULL, '2023-04-24'),
(998, 4, 2, NULL, '2023-04-24'),
(999, 4, 3, NULL, '2023-04-24'),
(1000, 4, 4, NULL, '2023-04-24'),
(1001, 4, 5, NULL, '2023-04-24'),
(1002, 4, 6, NULL, '2023-04-24'),
(1003, 4, 7, NULL, '2023-04-24'),
(1004, 4, 8, NULL, '2023-04-24'),
(1005, 4, 9, NULL, '2023-04-24'),
(1006, 4, 10, NULL, '2023-04-24'),
(1007, 4, 11, NULL, '2023-04-24'),
(1008, 4, 12, NULL, '2023-04-24'),
(1009, 5, 1, NULL, '2023-04-24'),
(1010, 5, 2, NULL, '2023-04-24'),
(1011, 5, 3, NULL, '2023-04-24'),
(1012, 5, 4, NULL, '2023-04-24'),
(1015, 5, 7, NULL, '2023-04-24'),
(1016, 5, 8, NULL, '2023-04-24'),
(1017, 5, 9, NULL, '2023-04-24'),
(1019, 5, 11, NULL, '2023-04-24'),
(1020, 5, 12, NULL, '2023-04-24'),
(1021, 1, 1, NULL, '2023-04-25'),
(1022, 1, 2, NULL, '2023-04-25'),
(1023, 1, 3, NULL, '2023-04-25'),
(1024, 1, 4, NULL, '2023-04-25'),
(1026, 1, 6, NULL, '2023-04-25'),
(1027, 1, 7, NULL, '2023-04-25'),
(1028, 1, 8, NULL, '2023-04-25'),
(1029, 1, 9, NULL, '2023-04-25'),
(1031, 1, 11, NULL, '2023-04-25'),
(1032, 1, 12, NULL, '2023-04-25'),
(1033, 2, 1, NULL, '2023-04-25'),
(1034, 2, 2, NULL, '2023-04-25'),
(1035, 2, 3, NULL, '2023-04-25'),
(1036, 2, 4, NULL, '2023-04-25'),
(1037, 2, 5, NULL, '2023-04-25'),
(1038, 2, 6, NULL, '2023-04-25'),
(1039, 2, 7, NULL, '2023-04-25'),
(1040, 2, 8, NULL, '2023-04-25'),
(1041, 2, 9, NULL, '2023-04-25'),
(1042, 2, 10, NULL, '2023-04-25'),
(1043, 2, 11, NULL, '2023-04-25'),
(1044, 2, 12, NULL, '2023-04-25'),
(1045, 3, 1, NULL, '2023-04-25'),
(1046, 3, 2, NULL, '2023-04-25'),
(1047, 3, 3, NULL, '2023-04-25'),
(1048, 3, 4, NULL, '2023-04-25'),
(1049, 3, 5, NULL, '2023-04-25'),
(1051, 3, 7, NULL, '2023-04-25'),
(1052, 3, 8, NULL, '2023-04-25'),
(1053, 3, 9, NULL, '2023-04-25'),
(1054, 3, 10, NULL, '2023-04-25'),
(1055, 3, 11, NULL, '2023-04-25'),
(1056, 3, 12, NULL, '2023-04-25'),
(1057, 4, 1, NULL, '2023-04-25'),
(1058, 4, 2, NULL, '2023-04-25'),
(1059, 4, 3, NULL, '2023-04-25'),
(1060, 4, 4, NULL, '2023-04-25'),
(1061, 4, 5, NULL, '2023-04-25'),
(1062, 4, 6, NULL, '2023-04-25'),
(1063, 4, 7, NULL, '2023-04-25'),
(1064, 4, 8, NULL, '2023-04-25'),
(1065, 4, 9, NULL, '2023-04-25'),
(1066, 4, 10, NULL, '2023-04-25'),
(1067, 4, 11, NULL, '2023-04-25'),
(1068, 4, 12, NULL, '2023-04-25'),
(1069, 5, 1, NULL, '2023-04-25'),
(1070, 5, 2, NULL, '2023-04-25'),
(1071, 5, 3, NULL, '2023-04-25'),
(1072, 5, 4, NULL, '2023-04-25'),
(1075, 5, 7, NULL, '2023-04-25'),
(1076, 5, 8, NULL, '2023-04-25'),
(1077, 5, 9, NULL, '2023-04-25'),
(1078, 5, 10, NULL, '2023-04-25'),
(1079, 5, 11, NULL, '2023-04-25'),
(1080, 5, 12, NULL, '2023-04-25'),
(1081, 1, 1, NULL, '2023-04-26'),
(1082, 1, 2, NULL, '2023-04-26'),
(1083, 1, 3, NULL, '2023-04-26'),
(1084, 1, 4, NULL, '2023-04-26'),
(1086, 1, 6, NULL, '2023-04-26'),
(1087, 1, 7, NULL, '2023-04-26'),
(1088, 1, 8, NULL, '2023-04-26'),
(1089, 1, 9, NULL, '2023-04-26'),
(1091, 1, 11, NULL, '2023-04-26'),
(1092, 1, 12, NULL, '2023-04-26'),
(1093, 2, 1, NULL, '2023-04-26'),
(1094, 2, 2, NULL, '2023-04-26'),
(1095, 2, 3, NULL, '2023-04-26'),
(1096, 2, 4, NULL, '2023-04-26'),
(1097, 2, 5, NULL, '2023-04-26'),
(1098, 2, 6, NULL, '2023-04-26'),
(1099, 2, 7, NULL, '2023-04-26'),
(1100, 2, 8, NULL, '2023-04-26'),
(1101, 2, 9, NULL, '2023-04-26'),
(1102, 2, 10, NULL, '2023-04-26'),
(1103, 2, 11, NULL, '2023-04-26'),
(1104, 2, 12, NULL, '2023-04-26'),
(1105, 3, 1, NULL, '2023-04-26'),
(1106, 3, 2, NULL, '2023-04-26'),
(1107, 3, 3, NULL, '2023-04-26'),
(1108, 3, 4, NULL, '2023-04-26'),
(1109, 3, 5, NULL, '2023-04-26'),
(1111, 3, 7, NULL, '2023-04-26'),
(1112, 3, 8, NULL, '2023-04-26'),
(1113, 3, 9, NULL, '2023-04-26'),
(1114, 3, 10, NULL, '2023-04-26'),
(1115, 3, 11, NULL, '2023-04-26'),
(1116, 3, 12, NULL, '2023-04-26'),
(1117, 4, 1, NULL, '2023-04-26'),
(1118, 4, 2, NULL, '2023-04-26'),
(1119, 4, 3, NULL, '2023-04-26'),
(1120, 4, 4, NULL, '2023-04-26'),
(1121, 4, 5, NULL, '2023-04-26'),
(1122, 4, 6, NULL, '2023-04-26'),
(1123, 4, 7, NULL, '2023-04-26'),
(1124, 4, 8, NULL, '2023-04-26'),
(1125, 4, 9, NULL, '2023-04-26'),
(1126, 4, 10, NULL, '2023-04-26'),
(1127, 4, 11, NULL, '2023-04-26'),
(1128, 4, 12, NULL, '2023-04-26'),
(1129, 5, 1, NULL, '2023-04-26'),
(1130, 5, 2, NULL, '2023-04-26'),
(1131, 5, 3, NULL, '2023-04-26'),
(1132, 5, 4, NULL, '2023-04-26'),
(1135, 5, 7, NULL, '2023-04-26'),
(1136, 5, 8, NULL, '2023-04-26'),
(1137, 5, 9, NULL, '2023-04-26'),
(1138, 5, 10, NULL, '2023-04-26'),
(1139, 5, 11, NULL, '2023-04-26'),
(1140, 5, 12, NULL, '2023-04-26'),
(1141, 1, 1, NULL, '2023-04-27'),
(1142, 1, 2, NULL, '2023-04-27'),
(1143, 1, 3, NULL, '2023-04-27'),
(1144, 1, 4, NULL, '2023-04-27'),
(1146, 1, 6, NULL, '2023-04-27'),
(1147, 1, 7, NULL, '2023-04-27'),
(1148, 1, 8, NULL, '2023-04-27'),
(1149, 1, 9, NULL, '2023-04-27'),
(1151, 1, 11, NULL, '2023-04-27'),
(1152, 1, 12, NULL, '2023-04-27'),
(1153, 2, 1, NULL, '2023-04-27'),
(1154, 2, 2, NULL, '2023-04-27'),
(1155, 2, 3, NULL, '2023-04-27'),
(1156, 2, 4, NULL, '2023-04-27'),
(1157, 2, 5, NULL, '2023-04-27'),
(1158, 2, 6, NULL, '2023-04-27'),
(1159, 2, 7, NULL, '2023-04-27'),
(1160, 2, 8, NULL, '2023-04-27'),
(1161, 2, 9, NULL, '2023-04-27'),
(1162, 2, 10, NULL, '2023-04-27'),
(1163, 2, 11, NULL, '2023-04-27'),
(1164, 2, 12, NULL, '2023-04-27'),
(1177, 4, 1, NULL, '2023-04-27'),
(1178, 4, 2, NULL, '2023-04-27'),
(1179, 4, 3, NULL, '2023-04-27'),
(1180, 4, 4, NULL, '2023-04-27'),
(1181, 4, 5, NULL, '2023-04-27'),
(1182, 4, 6, NULL, '2023-04-27'),
(1183, 4, 7, NULL, '2023-04-27'),
(1184, 4, 8, NULL, '2023-04-27'),
(1185, 4, 9, NULL, '2023-04-27'),
(1186, 4, 10, NULL, '2023-04-27'),
(1187, 4, 11, NULL, '2023-04-27'),
(1188, 4, 12, NULL, '2023-04-27'),
(1189, 5, 1, NULL, '2023-04-27'),
(1190, 5, 2, NULL, '2023-04-27'),
(1191, 5, 3, NULL, '2023-04-27'),
(1192, 5, 4, NULL, '2023-04-27'),
(1195, 5, 7, NULL, '2023-04-27'),
(1196, 5, 8, NULL, '2023-04-27'),
(1197, 5, 9, NULL, '2023-04-27'),
(1198, 5, 10, NULL, '2023-04-27'),
(1199, 5, 11, NULL, '2023-04-27'),
(1200, 5, 12, NULL, '2023-04-27'),
(1201, 1, 1, NULL, '2023-04-28'),
(1202, 1, 2, NULL, '2023-04-28'),
(1203, 1, 3, NULL, '2023-04-28'),
(1204, 1, 4, NULL, '2023-04-28'),
(1206, 1, 6, NULL, '2023-04-28'),
(1207, 1, 7, NULL, '2023-04-28'),
(1208, 1, 8, NULL, '2023-04-28'),
(1209, 1, 9, NULL, '2023-04-28'),
(1211, 1, 11, NULL, '2023-04-28'),
(1212, 1, 12, NULL, '2023-04-28'),
(1213, 2, 1, NULL, '2023-04-28'),
(1214, 2, 2, NULL, '2023-04-28'),
(1215, 2, 3, NULL, '2023-04-28'),
(1216, 2, 4, NULL, '2023-04-28'),
(1217, 2, 5, NULL, '2023-04-28'),
(1218, 2, 6, NULL, '2023-04-28'),
(1219, 2, 7, NULL, '2023-04-28'),
(1220, 2, 8, NULL, '2023-04-28'),
(1221, 2, 9, NULL, '2023-04-28'),
(1222, 2, 10, NULL, '2023-04-28'),
(1223, 2, 11, NULL, '2023-04-28'),
(1224, 2, 12, NULL, '2023-04-28'),
(1225, 3, 1, NULL, '2023-04-28'),
(1226, 3, 2, NULL, '2023-04-28'),
(1227, 3, 3, NULL, '2023-04-28'),
(1228, 3, 4, NULL, '2023-04-28'),
(1229, 3, 5, NULL, '2023-04-28'),
(1230, 3, 6, NULL, '2023-04-28'),
(1231, 3, 7, NULL, '2023-04-28'),
(1232, 3, 8, NULL, '2023-04-28'),
(1233, 3, 9, NULL, '2023-04-28'),
(1234, 3, 10, NULL, '2023-04-28'),
(1235, 3, 11, NULL, '2023-04-28'),
(1236, 3, 12, NULL, '2023-04-28'),
(1237, 4, 1, NULL, '2023-04-28'),
(1238, 4, 2, NULL, '2023-04-28'),
(1239, 4, 3, NULL, '2023-04-28'),
(1240, 4, 4, NULL, '2023-04-28'),
(1241, 4, 5, NULL, '2023-04-28'),
(1242, 4, 6, NULL, '2023-04-28'),
(1243, 4, 7, NULL, '2023-04-28'),
(1244, 4, 8, NULL, '2023-04-28'),
(1245, 4, 9, NULL, '2023-04-28'),
(1246, 4, 10, NULL, '2023-04-28'),
(1247, 4, 11, NULL, '2023-04-28'),
(1248, 4, 12, NULL, '2023-04-28'),
(1249, 5, 1, NULL, '2023-04-28'),
(1250, 5, 2, NULL, '2023-04-28'),
(1251, 5, 3, NULL, '2023-04-28'),
(1252, 5, 4, NULL, '2023-04-28'),
(1255, 5, 7, NULL, '2023-04-28'),
(1256, 5, 8, NULL, '2023-04-28'),
(1257, 5, 9, NULL, '2023-04-28'),
(1258, 5, 10, NULL, '2023-04-28'),
(1259, 5, 11, NULL, '2023-04-28'),
(1260, 5, 12, NULL, '2023-04-28'),
(1261, 1, 1, NULL, '2023-04-29'),
(1262, 1, 2, NULL, '2023-04-29'),
(1263, 1, 3, NULL, '2023-04-29'),
(1264, 1, 4, NULL, '2023-04-29'),
(1266, 1, 6, NULL, '2023-04-29'),
(1267, 1, 7, NULL, '2023-04-29'),
(1268, 1, 8, NULL, '2023-04-29'),
(1269, 1, 9, NULL, '2023-04-29'),
(1271, 1, 11, NULL, '2023-04-29'),
(1272, 1, 12, NULL, '2023-04-29'),
(1285, 3, 1, NULL, '2023-04-29'),
(1286, 3, 2, NULL, '2023-04-29'),
(1287, 3, 3, NULL, '2023-04-29'),
(1288, 3, 4, NULL, '2023-04-29'),
(1289, 3, 5, NULL, '2023-04-29'),
(1290, 3, 6, NULL, '2023-04-29'),
(1291, 3, 7, NULL, '2023-04-29'),
(1292, 3, 8, NULL, '2023-04-29'),
(1293, 3, 9, NULL, '2023-04-29'),
(1294, 3, 10, NULL, '2023-04-29'),
(1295, 3, 11, NULL, '2023-04-29'),
(1296, 3, 12, NULL, '2023-04-29'),
(1297, 4, 1, NULL, '2023-04-29'),
(1298, 4, 2, NULL, '2023-04-29'),
(1299, 4, 3, NULL, '2023-04-29'),
(1300, 4, 4, NULL, '2023-04-29'),
(1301, 4, 5, NULL, '2023-04-29'),
(1309, 5, 1, NULL, '2023-04-29'),
(1310, 5, 2, NULL, '2023-04-29'),
(1311, 5, 3, NULL, '2023-04-29'),
(1312, 5, 4, NULL, '2023-04-29'),
(1315, 5, 7, NULL, '2023-04-29'),
(1316, 5, 8, NULL, '2023-04-29'),
(1317, 5, 9, NULL, '2023-04-29'),
(1318, 5, 10, NULL, '2023-04-29'),
(1319, 5, 11, NULL, '2023-04-29'),
(1320, 5, 12, NULL, '2023-04-29'),
(1321, 1, 1, NULL, '2023-04-30'),
(1322, 1, 2, NULL, '2023-04-30'),
(1323, 1, 3, NULL, '2023-04-30'),
(1324, 1, 4, NULL, '2023-04-30'),
(1345, 3, 1, NULL, '2023-04-30'),
(1346, 3, 2, NULL, '2023-04-30'),
(1347, 3, 3, NULL, '2023-04-30'),
(1348, 3, 4, NULL, '2023-04-30'),
(1349, 3, 5, NULL, '2023-04-30'),
(1350, 3, 6, NULL, '2023-04-30'),
(1351, 3, 7, NULL, '2023-04-30'),
(1352, 3, 8, NULL, '2023-04-30'),
(1353, 3, 9, NULL, '2023-04-30'),
(1354, 3, 10, NULL, '2023-04-30'),
(1355, 3, 11, NULL, '2023-04-30'),
(1356, 3, 12, NULL, '2023-04-30'),
(1357, 4, 1, NULL, '2023-04-30'),
(1358, 4, 2, NULL, '2023-04-30'),
(1359, 4, 3, NULL, '2023-04-30'),
(1360, 4, 4, NULL, '2023-04-30'),
(1361, 4, 5, NULL, '2023-04-30'),
(1369, 5, 1, NULL, '2023-04-30'),
(1370, 5, 2, NULL, '2023-04-30'),
(1371, 5, 3, NULL, '2023-04-30'),
(1372, 5, 4, NULL, '2023-04-30'),
(1375, 5, 7, NULL, '2023-04-30'),
(1376, 5, 8, NULL, '2023-04-30'),
(1377, 5, 9, NULL, '2023-04-30'),
(1378, 5, 10, NULL, '2023-04-30'),
(1379, 5, 11, NULL, '2023-04-30'),
(1380, 5, 12, NULL, '2023-04-30'),
(1381, 1, 1, NULL, '2023-05-01'),
(1382, 1, 2, NULL, '2023-05-01'),
(1383, 1, 3, NULL, '2023-05-01'),
(1384, 1, 4, NULL, '2023-05-01'),
(1386, 1, 6, NULL, '2023-05-01'),
(1387, 1, 7, NULL, '2023-05-01'),
(1388, 1, 8, NULL, '2023-05-01'),
(1389, 1, 9, NULL, '2023-05-01'),
(1391, 1, 11, NULL, '2023-05-01'),
(1392, 1, 12, NULL, '2023-05-01'),
(1393, 2, 1, NULL, '2023-05-01'),
(1394, 2, 2, NULL, '2023-05-01'),
(1395, 2, 3, NULL, '2023-05-01'),
(1396, 2, 4, NULL, '2023-05-01'),
(1397, 2, 5, NULL, '2023-05-01'),
(1398, 2, 6, NULL, '2023-05-01'),
(1399, 2, 7, NULL, '2023-05-01'),
(1400, 2, 8, NULL, '2023-05-01'),
(1401, 2, 9, NULL, '2023-05-01'),
(1402, 2, 10, NULL, '2023-05-01'),
(1403, 2, 11, NULL, '2023-05-01'),
(1404, 2, 12, NULL, '2023-05-01'),
(1417, 4, 1, NULL, '2023-05-01'),
(1418, 4, 2, NULL, '2023-05-01'),
(1419, 4, 3, NULL, '2023-05-01'),
(1420, 4, 4, NULL, '2023-05-01'),
(1421, 4, 5, NULL, '2023-05-01'),
(1422, 4, 6, NULL, '2023-05-01'),
(1423, 4, 7, NULL, '2023-05-01'),
(1424, 4, 8, NULL, '2023-05-01'),
(1425, 4, 9, NULL, '2023-05-01'),
(1426, 4, 10, NULL, '2023-05-01'),
(1427, 4, 11, NULL, '2023-05-01'),
(1428, 4, 12, NULL, '2023-05-01'),
(1429, 5, 1, NULL, '2023-05-01'),
(1430, 5, 2, NULL, '2023-05-01'),
(1431, 5, 3, NULL, '2023-05-01'),
(1432, 5, 4, NULL, '2023-05-01'),
(1435, 5, 7, NULL, '2023-05-01'),
(1436, 5, 8, NULL, '2023-05-01'),
(1437, 5, 9, NULL, '2023-05-01'),
(1439, 5, 11, NULL, '2023-05-01'),
(1440, 5, 12, NULL, '2023-05-01'),
(1441, 1, 1, NULL, '2023-05-02'),
(1442, 1, 2, NULL, '2023-05-02'),
(1443, 1, 3, NULL, '2023-05-02'),
(1444, 1, 4, NULL, '2023-05-02'),
(1446, 1, 6, NULL, '2023-05-02'),
(1447, 1, 7, NULL, '2023-05-02'),
(1448, 1, 8, NULL, '2023-05-02'),
(1449, 1, 9, NULL, '2023-05-02'),
(1451, 1, 11, NULL, '2023-05-02'),
(1452, 1, 12, NULL, '2023-05-02'),
(1453, 2, 1, NULL, '2023-05-02'),
(1454, 2, 2, NULL, '2023-05-02'),
(1455, 2, 3, NULL, '2023-05-02'),
(1456, 2, 4, NULL, '2023-05-02'),
(1457, 2, 5, NULL, '2023-05-02'),
(1458, 2, 6, NULL, '2023-05-02'),
(1459, 2, 7, NULL, '2023-05-02'),
(1460, 2, 8, NULL, '2023-05-02'),
(1461, 2, 9, NULL, '2023-05-02'),
(1462, 2, 10, NULL, '2023-05-02'),
(1463, 2, 11, NULL, '2023-05-02'),
(1464, 2, 12, NULL, '2023-05-02'),
(1465, 3, 1, NULL, '2023-05-02'),
(1466, 3, 2, NULL, '2023-05-02'),
(1467, 3, 3, NULL, '2023-05-02'),
(1468, 3, 4, NULL, '2023-05-02'),
(1469, 3, 5, NULL, '2023-05-02'),
(1471, 3, 7, NULL, '2023-05-02'),
(1472, 3, 8, NULL, '2023-05-02'),
(1473, 3, 9, NULL, '2023-05-02'),
(1474, 3, 10, NULL, '2023-05-02'),
(1475, 3, 11, NULL, '2023-05-02'),
(1476, 3, 12, NULL, '2023-05-02'),
(1477, 4, 1, NULL, '2023-05-02'),
(1478, 4, 2, NULL, '2023-05-02'),
(1479, 4, 3, NULL, '2023-05-02'),
(1480, 4, 4, NULL, '2023-05-02'),
(1481, 4, 5, NULL, '2023-05-02'),
(1482, 4, 6, NULL, '2023-05-02'),
(1483, 4, 7, NULL, '2023-05-02'),
(1484, 4, 8, NULL, '2023-05-02'),
(1485, 4, 9, NULL, '2023-05-02'),
(1486, 4, 10, NULL, '2023-05-02'),
(1487, 4, 11, NULL, '2023-05-02'),
(1488, 4, 12, NULL, '2023-05-02'),
(1489, 5, 1, NULL, '2023-05-02'),
(1490, 5, 2, NULL, '2023-05-02'),
(1491, 5, 3, NULL, '2023-05-02'),
(1492, 5, 4, NULL, '2023-05-02'),
(1495, 5, 7, NULL, '2023-05-02'),
(1496, 5, 8, NULL, '2023-05-02'),
(1497, 5, 9, NULL, '2023-05-02'),
(1498, 5, 10, NULL, '2023-05-02'),
(1499, 5, 11, NULL, '2023-05-02'),
(1500, 5, 12, NULL, '2023-05-02'),
(1501, 1, 1, NULL, '2023-05-03'),
(1502, 1, 2, NULL, '2023-05-03'),
(1503, 1, 3, NULL, '2023-05-03'),
(1504, 1, 4, NULL, '2023-05-03'),
(1506, 1, 6, NULL, '2023-05-03'),
(1507, 1, 7, NULL, '2023-05-03'),
(1508, 1, 8, NULL, '2023-05-03'),
(1509, 1, 9, NULL, '2023-05-03'),
(1511, 1, 11, NULL, '2023-05-03'),
(1512, 1, 12, NULL, '2023-05-03'),
(1513, 2, 1, NULL, '2023-05-03'),
(1514, 2, 2, NULL, '2023-05-03'),
(1515, 2, 3, NULL, '2023-05-03'),
(1516, 2, 4, NULL, '2023-05-03'),
(1517, 2, 5, NULL, '2023-05-03'),
(1518, 2, 6, NULL, '2023-05-03'),
(1519, 2, 7, NULL, '2023-05-03'),
(1520, 2, 8, NULL, '2023-05-03'),
(1521, 2, 9, NULL, '2023-05-03'),
(1522, 2, 10, NULL, '2023-05-03'),
(1523, 2, 11, NULL, '2023-05-03'),
(1524, 2, 12, NULL, '2023-05-03'),
(1525, 3, 1, NULL, '2023-05-03'),
(1526, 3, 2, NULL, '2023-05-03'),
(1527, 3, 3, NULL, '2023-05-03'),
(1528, 3, 4, NULL, '2023-05-03'),
(1529, 3, 5, NULL, '2023-05-03'),
(1531, 3, 7, NULL, '2023-05-03'),
(1532, 3, 8, NULL, '2023-05-03'),
(1533, 3, 9, NULL, '2023-05-03'),
(1534, 3, 10, NULL, '2023-05-03'),
(1535, 3, 11, NULL, '2023-05-03'),
(1536, 3, 12, NULL, '2023-05-03'),
(1537, 4, 1, NULL, '2023-05-03'),
(1538, 4, 2, NULL, '2023-05-03'),
(1539, 4, 3, NULL, '2023-05-03'),
(1540, 4, 4, NULL, '2023-05-03'),
(1541, 4, 5, NULL, '2023-05-03'),
(1542, 4, 6, NULL, '2023-05-03'),
(1543, 4, 7, NULL, '2023-05-03'),
(1544, 4, 8, NULL, '2023-05-03'),
(1545, 4, 9, NULL, '2023-05-03'),
(1546, 4, 10, NULL, '2023-05-03'),
(1547, 4, 11, NULL, '2023-05-03'),
(1548, 4, 12, NULL, '2023-05-03'),
(1549, 5, 1, NULL, '2023-05-03'),
(1550, 5, 2, NULL, '2023-05-03'),
(1551, 5, 3, NULL, '2023-05-03'),
(1552, 5, 4, NULL, '2023-05-03'),
(1555, 5, 7, NULL, '2023-05-03'),
(1556, 5, 8, NULL, '2023-05-03'),
(1557, 5, 9, NULL, '2023-05-03'),
(1558, 5, 10, NULL, '2023-05-03'),
(1559, 5, 11, NULL, '2023-05-03'),
(1560, 5, 12, NULL, '2023-05-03'),
(1561, 1, 1, NULL, '2023-05-04'),
(1562, 1, 2, NULL, '2023-05-04'),
(1563, 1, 3, NULL, '2023-05-04'),
(1564, 1, 4, NULL, '2023-05-04'),
(1566, 1, 6, NULL, '2023-05-04'),
(1567, 1, 7, NULL, '2023-05-04'),
(1568, 1, 8, NULL, '2023-05-04'),
(1569, 1, 9, NULL, '2023-05-04'),
(1571, 1, 11, NULL, '2023-05-04'),
(1572, 1, 12, NULL, '2023-05-04'),
(1573, 2, 1, NULL, '2023-05-04'),
(1574, 2, 2, NULL, '2023-05-04'),
(1575, 2, 3, NULL, '2023-05-04'),
(1576, 2, 4, NULL, '2023-05-04'),
(1577, 2, 5, NULL, '2023-05-04'),
(1578, 2, 6, NULL, '2023-05-04'),
(1579, 2, 7, NULL, '2023-05-04'),
(1580, 2, 8, NULL, '2023-05-04'),
(1581, 2, 9, NULL, '2023-05-04'),
(1582, 2, 10, NULL, '2023-05-04'),
(1583, 2, 11, NULL, '2023-05-04'),
(1584, 2, 12, NULL, '2023-05-04'),
(1597, 4, 1, NULL, '2023-05-04'),
(1598, 4, 2, NULL, '2023-05-04'),
(1599, 4, 3, NULL, '2023-05-04'),
(1600, 4, 4, NULL, '2023-05-04'),
(1601, 4, 5, NULL, '2023-05-04'),
(1602, 4, 6, NULL, '2023-05-04'),
(1603, 4, 7, NULL, '2023-05-04'),
(1604, 4, 8, NULL, '2023-05-04'),
(1605, 4, 9, NULL, '2023-05-04'),
(1606, 4, 10, NULL, '2023-05-04'),
(1607, 4, 11, NULL, '2023-05-04'),
(1608, 4, 12, NULL, '2023-05-04'),
(1609, 5, 1, NULL, '2023-05-04'),
(1610, 5, 2, NULL, '2023-05-04'),
(1611, 5, 3, NULL, '2023-05-04'),
(1612, 5, 4, NULL, '2023-05-04'),
(1615, 5, 7, NULL, '2023-05-04'),
(1616, 5, 8, NULL, '2023-05-04'),
(1617, 5, 9, NULL, '2023-05-04'),
(1618, 5, 10, NULL, '2023-05-04'),
(1619, 5, 11, NULL, '2023-05-04'),
(1620, 5, 12, NULL, '2023-05-04'),
(1621, 1, 1, NULL, '2023-05-05'),
(1622, 1, 2, NULL, '2023-05-05'),
(1623, 1, 3, NULL, '2023-05-05'),
(1624, 1, 4, NULL, '2023-05-05'),
(1626, 1, 6, NULL, '2023-05-05'),
(1627, 1, 7, NULL, '2023-05-05'),
(1628, 1, 8, NULL, '2023-05-05'),
(1629, 1, 9, NULL, '2023-05-05'),
(1631, 1, 11, NULL, '2023-05-05'),
(1632, 1, 12, NULL, '2023-05-05'),
(1633, 2, 1, NULL, '2023-05-05'),
(1634, 2, 2, NULL, '2023-05-05'),
(1635, 2, 3, NULL, '2023-05-05'),
(1636, 2, 4, NULL, '2023-05-05'),
(1637, 2, 5, NULL, '2023-05-05'),
(1638, 2, 6, NULL, '2023-05-05'),
(1639, 2, 7, NULL, '2023-05-05'),
(1640, 2, 8, NULL, '2023-05-05'),
(1641, 2, 9, NULL, '2023-05-05'),
(1642, 2, 10, NULL, '2023-05-05'),
(1643, 2, 11, NULL, '2023-05-05'),
(1644, 2, 12, NULL, '2023-05-05'),
(1645, 3, 1, NULL, '2023-05-05'),
(1646, 3, 2, NULL, '2023-05-05'),
(1647, 3, 3, NULL, '2023-05-05'),
(1648, 3, 4, NULL, '2023-05-05'),
(1649, 3, 5, NULL, '2023-05-05'),
(1650, 3, 6, NULL, '2023-05-05'),
(1651, 3, 7, NULL, '2023-05-05'),
(1652, 3, 8, NULL, '2023-05-05'),
(1653, 3, 9, NULL, '2023-05-05'),
(1654, 3, 10, NULL, '2023-05-05'),
(1655, 3, 11, NULL, '2023-05-05'),
(1656, 3, 12, NULL, '2023-05-05'),
(1657, 4, 1, NULL, '2023-05-05'),
(1658, 4, 2, NULL, '2023-05-05'),
(1659, 4, 3, NULL, '2023-05-05'),
(1660, 4, 4, NULL, '2023-05-05'),
(1661, 4, 5, NULL, '2023-05-05'),
(1662, 4, 6, NULL, '2023-05-05'),
(1663, 4, 7, NULL, '2023-05-05'),
(1664, 4, 8, NULL, '2023-05-05'),
(1665, 4, 9, NULL, '2023-05-05'),
(1666, 4, 10, NULL, '2023-05-05'),
(1667, 4, 11, NULL, '2023-05-05'),
(1668, 4, 12, NULL, '2023-05-05'),
(1669, 5, 1, NULL, '2023-05-05'),
(1670, 5, 2, NULL, '2023-05-05'),
(1671, 5, 3, NULL, '2023-05-05'),
(1672, 5, 4, NULL, '2023-05-05'),
(1675, 5, 7, NULL, '2023-05-05'),
(1676, 5, 8, NULL, '2023-05-05'),
(1677, 5, 9, NULL, '2023-05-05'),
(1678, 5, 10, NULL, '2023-05-05'),
(1679, 5, 11, NULL, '2023-05-05'),
(1680, 5, 12, NULL, '2023-05-05'),
(1681, 1, 1, NULL, '2023-05-06'),
(1682, 1, 2, NULL, '2023-05-06'),
(1683, 1, 3, NULL, '2023-05-06'),
(1684, 1, 4, NULL, '2023-05-06'),
(1686, 1, 6, NULL, '2023-05-06'),
(1687, 1, 7, NULL, '2023-05-06'),
(1688, 1, 8, NULL, '2023-05-06'),
(1689, 1, 9, NULL, '2023-05-06'),
(1691, 1, 11, NULL, '2023-05-06'),
(1692, 1, 12, NULL, '2023-05-06'),
(1705, 3, 1, NULL, '2023-05-06'),
(1706, 3, 2, NULL, '2023-05-06'),
(1707, 3, 3, NULL, '2023-05-06'),
(1708, 3, 4, NULL, '2023-05-06'),
(1709, 3, 5, NULL, '2023-05-06'),
(1710, 3, 6, NULL, '2023-05-06'),
(1711, 3, 7, NULL, '2023-05-06'),
(1712, 3, 8, NULL, '2023-05-06'),
(1713, 3, 9, NULL, '2023-05-06'),
(1714, 3, 10, NULL, '2023-05-06'),
(1715, 3, 11, NULL, '2023-05-06'),
(1716, 3, 12, NULL, '2023-05-06'),
(1717, 4, 1, NULL, '2023-05-06'),
(1718, 4, 2, NULL, '2023-05-06'),
(1719, 4, 3, NULL, '2023-05-06'),
(1720, 4, 4, NULL, '2023-05-06'),
(1721, 4, 5, NULL, '2023-05-06'),
(1729, 5, 1, NULL, '2023-05-06'),
(1730, 5, 2, NULL, '2023-05-06'),
(1731, 5, 3, NULL, '2023-05-06'),
(1732, 5, 4, NULL, '2023-05-06'),
(1735, 5, 7, NULL, '2023-05-06'),
(1736, 5, 8, NULL, '2023-05-06'),
(1737, 5, 9, NULL, '2023-05-06'),
(1738, 5, 10, NULL, '2023-05-06'),
(1739, 5, 11, NULL, '2023-05-06'),
(1740, 5, 12, NULL, '2023-05-06'),
(1741, 1, 1, NULL, '2023-05-07'),
(1742, 1, 2, NULL, '2023-05-07'),
(1743, 1, 3, NULL, '2023-05-07'),
(1744, 1, 4, NULL, '2023-05-07'),
(1765, 3, 1, NULL, '2023-05-07'),
(1766, 3, 2, NULL, '2023-05-07'),
(1767, 3, 3, NULL, '2023-05-07'),
(1768, 3, 4, NULL, '2023-05-07'),
(1769, 3, 5, NULL, '2023-05-07'),
(1770, 3, 6, NULL, '2023-05-07'),
(1771, 3, 7, NULL, '2023-05-07'),
(1772, 3, 8, NULL, '2023-05-07'),
(1773, 3, 9, NULL, '2023-05-07'),
(1774, 3, 10, NULL, '2023-05-07'),
(1775, 3, 11, NULL, '2023-05-07'),
(1776, 3, 12, NULL, '2023-05-07'),
(1777, 4, 1, NULL, '2023-05-07'),
(1778, 4, 2, NULL, '2023-05-07'),
(1779, 4, 3, NULL, '2023-05-07'),
(1780, 4, 4, NULL, '2023-05-07'),
(1781, 4, 5, NULL, '2023-05-07'),
(1789, 5, 1, NULL, '2023-05-07'),
(1790, 5, 2, NULL, '2023-05-07'),
(1791, 5, 3, NULL, '2023-05-07'),
(1792, 5, 4, NULL, '2023-05-07'),
(1795, 5, 7, NULL, '2023-05-07'),
(1796, 5, 8, NULL, '2023-05-07'),
(1797, 5, 9, NULL, '2023-05-07'),
(1798, 5, 10, NULL, '2023-05-07'),
(1799, 5, 11, NULL, '2023-05-07'),
(1800, 5, 12, NULL, '2023-05-07'),
(1861, 1, 1, NULL, '2023-05-08'),
(1862, 1, 2, NULL, '2023-05-08'),
(1863, 1, 3, NULL, '2023-05-08'),
(1864, 1, 4, NULL, '2023-05-08'),
(1866, 1, 6, NULL, '2023-05-08'),
(1867, 1, 7, NULL, '2023-05-08'),
(1868, 1, 8, NULL, '2023-05-08'),
(1869, 1, 9, NULL, '2023-05-08'),
(1871, 1, 11, NULL, '2023-05-08'),
(1872, 1, 12, NULL, '2023-05-08'),
(1873, 2, 1, NULL, '2023-05-08'),
(1874, 2, 2, NULL, '2023-05-08'),
(1875, 2, 3, NULL, '2023-05-08'),
(1876, 2, 4, NULL, '2023-05-08'),
(1877, 2, 5, NULL, '2023-05-08'),
(1878, 2, 6, NULL, '2023-05-08'),
(1879, 2, 7, NULL, '2023-05-08'),
(1880, 2, 8, NULL, '2023-05-08'),
(1881, 2, 9, NULL, '2023-05-08'),
(1882, 2, 10, NULL, '2023-05-08'),
(1883, 2, 11, NULL, '2023-05-08'),
(1884, 2, 12, NULL, '2023-05-08'),
(1897, 4, 1, NULL, '2023-05-08'),
(1898, 4, 2, NULL, '2023-05-08'),
(1899, 4, 3, NULL, '2023-05-08'),
(1900, 4, 4, NULL, '2023-05-08'),
(1901, 4, 5, NULL, '2023-05-08'),
(1902, 4, 6, NULL, '2023-05-08'),
(1903, 4, 7, NULL, '2023-05-08'),
(1904, 4, 8, NULL, '2023-05-08'),
(1905, 4, 9, NULL, '2023-05-08'),
(1906, 4, 10, NULL, '2023-05-08'),
(1907, 4, 11, NULL, '2023-05-08'),
(1908, 4, 12, NULL, '2023-05-08'),
(1909, 5, 1, NULL, '2023-05-08'),
(1910, 5, 2, NULL, '2023-05-08'),
(1911, 5, 3, NULL, '2023-05-08'),
(1912, 5, 4, NULL, '2023-05-08'),
(1915, 5, 7, NULL, '2023-05-08'),
(1916, 5, 8, NULL, '2023-05-08'),
(1917, 5, 9, NULL, '2023-05-08'),
(1919, 5, 11, NULL, '2023-05-08'),
(1920, 5, 12, NULL, '2023-05-08'),
(1921, 1, 1, NULL, '2023-05-09'),
(1922, 1, 2, NULL, '2023-05-09'),
(1923, 1, 3, NULL, '2023-05-09'),
(1924, 1, 4, NULL, '2023-05-09'),
(1926, 1, 6, NULL, '2023-05-09'),
(1927, 1, 7, NULL, '2023-05-09'),
(1928, 1, 8, NULL, '2023-05-09'),
(1929, 1, 9, NULL, '2023-05-09'),
(1931, 1, 11, NULL, '2023-05-09'),
(1932, 1, 12, NULL, '2023-05-09'),
(1933, 2, 1, NULL, '2023-05-09'),
(1934, 2, 2, NULL, '2023-05-09'),
(1935, 2, 3, NULL, '2023-05-09'),
(1936, 2, 4, NULL, '2023-05-09'),
(1937, 2, 5, NULL, '2023-05-09'),
(1938, 2, 6, NULL, '2023-05-09'),
(1939, 2, 7, NULL, '2023-05-09'),
(1940, 2, 8, NULL, '2023-05-09'),
(1941, 2, 9, NULL, '2023-05-09'),
(1942, 2, 10, NULL, '2023-05-09'),
(1943, 2, 11, NULL, '2023-05-09'),
(1944, 2, 12, NULL, '2023-05-09'),
(1945, 3, 1, NULL, '2023-05-09'),
(1946, 3, 2, NULL, '2023-05-09'),
(1947, 3, 3, NULL, '2023-05-09'),
(1948, 3, 4, NULL, '2023-05-09'),
(1949, 3, 5, NULL, '2023-05-09'),
(1951, 3, 7, NULL, '2023-05-09'),
(1952, 3, 8, NULL, '2023-05-09'),
(1953, 3, 9, NULL, '2023-05-09'),
(1954, 3, 10, NULL, '2023-05-09'),
(1955, 3, 11, NULL, '2023-05-09'),
(1956, 3, 12, NULL, '2023-05-09'),
(1957, 4, 1, NULL, '2023-05-09'),
(1958, 4, 2, NULL, '2023-05-09'),
(1959, 4, 3, NULL, '2023-05-09'),
(1960, 4, 4, NULL, '2023-05-09'),
(1961, 4, 5, NULL, '2023-05-09'),
(1962, 4, 6, NULL, '2023-05-09'),
(1963, 4, 7, NULL, '2023-05-09'),
(1964, 4, 8, NULL, '2023-05-09'),
(1965, 4, 9, NULL, '2023-05-09'),
(1966, 4, 10, NULL, '2023-05-09'),
(1967, 4, 11, NULL, '2023-05-09'),
(1968, 4, 12, NULL, '2023-05-09'),
(1969, 5, 1, NULL, '2023-05-09'),
(1970, 5, 2, NULL, '2023-05-09'),
(1971, 5, 3, NULL, '2023-05-09'),
(1972, 5, 4, NULL, '2023-05-09'),
(1975, 5, 7, NULL, '2023-05-09'),
(1976, 5, 8, NULL, '2023-05-09'),
(1977, 5, 9, NULL, '2023-05-09'),
(1978, 5, 10, NULL, '2023-05-09'),
(1979, 5, 11, NULL, '2023-05-09'),
(1980, 5, 12, NULL, '2023-05-09'),
(1981, 1, 1, NULL, '2023-05-10'),
(1982, 1, 2, NULL, '2023-05-10'),
(1983, 1, 3, NULL, '2023-05-10'),
(1984, 1, 4, NULL, '2023-05-10'),
(1986, 1, 6, NULL, '2023-05-10'),
(1987, 1, 7, NULL, '2023-05-10'),
(1988, 1, 8, NULL, '2023-05-10'),
(1989, 1, 9, NULL, '2023-05-10'),
(1991, 1, 11, NULL, '2023-05-10'),
(1992, 1, 12, NULL, '2023-05-10'),
(1993, 2, 1, NULL, '2023-05-10'),
(1994, 2, 2, NULL, '2023-05-10'),
(1995, 2, 3, NULL, '2023-05-10'),
(1996, 2, 4, NULL, '2023-05-10'),
(1997, 2, 5, NULL, '2023-05-10'),
(1998, 2, 6, NULL, '2023-05-10'),
(1999, 2, 7, NULL, '2023-05-10'),
(2000, 2, 8, NULL, '2023-05-10'),
(2001, 2, 9, NULL, '2023-05-10'),
(2002, 2, 10, NULL, '2023-05-10'),
(2003, 2, 11, NULL, '2023-05-10'),
(2004, 2, 12, NULL, '2023-05-10'),
(2005, 3, 1, NULL, '2023-05-10'),
(2006, 3, 2, NULL, '2023-05-10'),
(2007, 3, 3, NULL, '2023-05-10'),
(2008, 3, 4, NULL, '2023-05-10'),
(2009, 3, 5, NULL, '2023-05-10'),
(2011, 3, 7, NULL, '2023-05-10'),
(2012, 3, 8, NULL, '2023-05-10'),
(2013, 3, 9, NULL, '2023-05-10'),
(2014, 3, 10, NULL, '2023-05-10'),
(2015, 3, 11, NULL, '2023-05-10'),
(2016, 3, 12, NULL, '2023-05-10'),
(2017, 4, 1, NULL, '2023-05-10'),
(2018, 4, 2, NULL, '2023-05-10'),
(2019, 4, 3, NULL, '2023-05-10'),
(2020, 4, 4, NULL, '2023-05-10'),
(2021, 4, 5, NULL, '2023-05-10'),
(2022, 4, 6, NULL, '2023-05-10'),
(2023, 4, 7, NULL, '2023-05-10'),
(2024, 4, 8, NULL, '2023-05-10'),
(2025, 4, 9, NULL, '2023-05-10'),
(2026, 4, 10, NULL, '2023-05-10'),
(2027, 4, 11, NULL, '2023-05-10'),
(2028, 4, 12, NULL, '2023-05-10'),
(2029, 5, 1, NULL, '2023-05-10'),
(2030, 5, 2, NULL, '2023-05-10'),
(2031, 5, 3, NULL, '2023-05-10'),
(2032, 5, 4, NULL, '2023-05-10'),
(2035, 5, 7, NULL, '2023-05-10'),
(2036, 5, 8, NULL, '2023-05-10'),
(2037, 5, 9, NULL, '2023-05-10'),
(2038, 5, 10, NULL, '2023-05-10'),
(2039, 5, 11, NULL, '2023-05-10'),
(2040, 5, 12, NULL, '2023-05-10'),
(2041, 1, 1, NULL, '2023-05-11'),
(2042, 1, 2, NULL, '2023-05-11'),
(2043, 1, 3, NULL, '2023-05-11'),
(2044, 1, 4, NULL, '2023-05-11'),
(2046, 1, 6, NULL, '2023-05-11'),
(2047, 1, 7, NULL, '2023-05-11'),
(2048, 1, 8, NULL, '2023-05-11'),
(2049, 1, 9, NULL, '2023-05-11'),
(2051, 1, 11, NULL, '2023-05-11'),
(2052, 1, 12, NULL, '2023-05-11'),
(2053, 2, 1, NULL, '2023-05-11'),
(2054, 2, 2, NULL, '2023-05-11'),
(2055, 2, 3, NULL, '2023-05-11'),
(2056, 2, 4, NULL, '2023-05-11'),
(2057, 2, 5, NULL, '2023-05-11'),
(2058, 2, 6, NULL, '2023-05-11'),
(2059, 2, 7, NULL, '2023-05-11'),
(2060, 2, 8, NULL, '2023-05-11'),
(2061, 2, 9, NULL, '2023-05-11'),
(2062, 2, 10, NULL, '2023-05-11'),
(2063, 2, 11, NULL, '2023-05-11'),
(2064, 2, 12, NULL, '2023-05-11'),
(2077, 4, 1, NULL, '2023-05-11'),
(2078, 4, 2, NULL, '2023-05-11'),
(2079, 4, 3, NULL, '2023-05-11'),
(2080, 4, 4, NULL, '2023-05-11'),
(2081, 4, 5, NULL, '2023-05-11'),
(2082, 4, 6, NULL, '2023-05-11'),
(2083, 4, 7, NULL, '2023-05-11'),
(2084, 4, 8, NULL, '2023-05-11'),
(2085, 4, 9, NULL, '2023-05-11'),
(2086, 4, 10, NULL, '2023-05-11'),
(2087, 4, 11, NULL, '2023-05-11'),
(2088, 4, 12, NULL, '2023-05-11'),
(2089, 5, 1, NULL, '2023-05-11'),
(2090, 5, 2, NULL, '2023-05-11'),
(2091, 5, 3, NULL, '2023-05-11'),
(2092, 5, 4, NULL, '2023-05-11'),
(2095, 5, 7, NULL, '2023-05-11'),
(2096, 5, 8, NULL, '2023-05-11'),
(2097, 5, 9, NULL, '2023-05-11'),
(2098, 5, 10, NULL, '2023-05-11'),
(2099, 5, 11, NULL, '2023-05-11'),
(2100, 5, 12, NULL, '2023-05-11'),
(2101, 1, 1, NULL, '2023-05-12'),
(2102, 1, 2, NULL, '2023-05-12'),
(2103, 1, 3, NULL, '2023-05-12'),
(2104, 1, 4, NULL, '2023-05-12'),
(2106, 1, 6, NULL, '2023-05-12'),
(2107, 1, 7, NULL, '2023-05-12'),
(2108, 1, 8, NULL, '2023-05-12'),
(2109, 1, 9, NULL, '2023-05-12'),
(2111, 1, 11, NULL, '2023-05-12'),
(2112, 1, 12, NULL, '2023-05-12'),
(2113, 2, 1, NULL, '2023-05-12'),
(2114, 2, 2, NULL, '2023-05-12'),
(2115, 2, 3, NULL, '2023-05-12'),
(2116, 2, 4, NULL, '2023-05-12'),
(2117, 2, 5, NULL, '2023-05-12'),
(2118, 2, 6, NULL, '2023-05-12'),
(2119, 2, 7, NULL, '2023-05-12'),
(2120, 2, 8, NULL, '2023-05-12'),
(2121, 2, 9, NULL, '2023-05-12'),
(2122, 2, 10, NULL, '2023-05-12'),
(2123, 2, 11, NULL, '2023-05-12'),
(2124, 2, 12, NULL, '2023-05-12'),
(2125, 3, 1, NULL, '2023-05-12'),
(2126, 3, 2, NULL, '2023-05-12'),
(2127, 3, 3, NULL, '2023-05-12'),
(2128, 3, 4, NULL, '2023-05-12');
INSERT INTO `venue_timeslot` (`id`, `venueId`, `timeslotId`, `bookingId`, `date`) VALUES
(2129, 3, 5, NULL, '2023-05-12'),
(2130, 3, 6, NULL, '2023-05-12'),
(2131, 3, 7, NULL, '2023-05-12'),
(2132, 3, 8, NULL, '2023-05-12'),
(2133, 3, 9, NULL, '2023-05-12'),
(2134, 3, 10, NULL, '2023-05-12'),
(2135, 3, 11, NULL, '2023-05-12'),
(2136, 3, 12, NULL, '2023-05-12'),
(2137, 4, 1, NULL, '2023-05-12'),
(2138, 4, 2, NULL, '2023-05-12'),
(2139, 4, 3, NULL, '2023-05-12'),
(2140, 4, 4, NULL, '2023-05-12'),
(2141, 4, 5, NULL, '2023-05-12'),
(2142, 4, 6, NULL, '2023-05-12'),
(2143, 4, 7, NULL, '2023-05-12'),
(2144, 4, 8, NULL, '2023-05-12'),
(2145, 4, 9, NULL, '2023-05-12'),
(2146, 4, 10, NULL, '2023-05-12'),
(2147, 4, 11, NULL, '2023-05-12'),
(2148, 4, 12, NULL, '2023-05-12'),
(2149, 5, 1, NULL, '2023-05-12'),
(2150, 5, 2, NULL, '2023-05-12'),
(2151, 5, 3, NULL, '2023-05-12'),
(2152, 5, 4, NULL, '2023-05-12'),
(2155, 5, 7, NULL, '2023-05-12'),
(2156, 5, 8, NULL, '2023-05-12'),
(2157, 5, 9, NULL, '2023-05-12'),
(2158, 5, 10, NULL, '2023-05-12'),
(2159, 5, 11, NULL, '2023-05-12'),
(2160, 5, 12, NULL, '2023-05-12'),
(2161, 1, 1, NULL, '2023-05-13'),
(2162, 1, 2, NULL, '2023-05-13'),
(2163, 1, 3, NULL, '2023-05-13'),
(2164, 1, 4, NULL, '2023-05-13'),
(2166, 1, 6, NULL, '2023-05-13'),
(2167, 1, 7, NULL, '2023-05-13'),
(2168, 1, 8, NULL, '2023-05-13'),
(2169, 1, 9, NULL, '2023-05-13'),
(2171, 1, 11, NULL, '2023-05-13'),
(2172, 1, 12, NULL, '2023-05-13'),
(2185, 3, 1, NULL, '2023-05-13'),
(2186, 3, 2, NULL, '2023-05-13'),
(2187, 3, 3, NULL, '2023-05-13'),
(2188, 3, 4, NULL, '2023-05-13'),
(2189, 3, 5, NULL, '2023-05-13'),
(2190, 3, 6, NULL, '2023-05-13'),
(2191, 3, 7, NULL, '2023-05-13'),
(2192, 3, 8, NULL, '2023-05-13'),
(2193, 3, 9, NULL, '2023-05-13'),
(2194, 3, 10, NULL, '2023-05-13'),
(2195, 3, 11, NULL, '2023-05-13'),
(2196, 3, 12, NULL, '2023-05-13'),
(2197, 4, 1, NULL, '2023-05-13'),
(2198, 4, 2, NULL, '2023-05-13'),
(2199, 4, 3, NULL, '2023-05-13'),
(2200, 4, 4, NULL, '2023-05-13'),
(2201, 4, 5, NULL, '2023-05-13'),
(2209, 5, 1, NULL, '2023-05-13'),
(2210, 5, 2, NULL, '2023-05-13'),
(2211, 5, 3, NULL, '2023-05-13'),
(2212, 5, 4, NULL, '2023-05-13'),
(2215, 5, 7, NULL, '2023-05-13'),
(2216, 5, 8, NULL, '2023-05-13'),
(2217, 5, 9, NULL, '2023-05-13'),
(2218, 5, 10, NULL, '2023-05-13'),
(2219, 5, 11, NULL, '2023-05-13'),
(2220, 5, 12, NULL, '2023-05-13'),
(2221, 1, 1, NULL, '2023-05-14'),
(2222, 1, 2, NULL, '2023-05-14'),
(2223, 1, 3, NULL, '2023-05-14'),
(2224, 1, 4, NULL, '2023-05-14'),
(2245, 3, 1, NULL, '2023-05-14'),
(2246, 3, 2, NULL, '2023-05-14'),
(2247, 3, 3, NULL, '2023-05-14'),
(2248, 3, 4, NULL, '2023-05-14'),
(2249, 3, 5, NULL, '2023-05-14'),
(2250, 3, 6, NULL, '2023-05-14'),
(2251, 3, 7, NULL, '2023-05-14'),
(2252, 3, 8, NULL, '2023-05-14'),
(2253, 3, 9, NULL, '2023-05-14'),
(2254, 3, 10, NULL, '2023-05-14'),
(2255, 3, 11, NULL, '2023-05-14'),
(2256, 3, 12, NULL, '2023-05-14'),
(2257, 4, 1, NULL, '2023-05-14'),
(2258, 4, 2, NULL, '2023-05-14'),
(2259, 4, 3, NULL, '2023-05-14'),
(2260, 4, 4, NULL, '2023-05-14'),
(2261, 4, 5, NULL, '2023-05-14'),
(2269, 5, 1, NULL, '2023-05-14'),
(2270, 5, 2, NULL, '2023-05-14'),
(2271, 5, 3, NULL, '2023-05-14'),
(2272, 5, 4, NULL, '2023-05-14'),
(2275, 5, 7, NULL, '2023-05-14'),
(2276, 5, 8, NULL, '2023-05-14'),
(2277, 5, 9, NULL, '2023-05-14'),
(2278, 5, 10, NULL, '2023-05-14'),
(2279, 5, 11, NULL, '2023-05-14'),
(2280, 5, 12, NULL, '2023-05-14'),
(2281, 1, 1, NULL, '2023-05-15'),
(2282, 1, 2, NULL, '2023-05-15'),
(2283, 1, 3, NULL, '2023-05-15'),
(2284, 1, 4, NULL, '2023-05-15'),
(2286, 1, 6, NULL, '2023-05-15'),
(2287, 1, 7, NULL, '2023-05-15'),
(2288, 1, 8, NULL, '2023-05-15'),
(2289, 1, 9, NULL, '2023-05-15'),
(2291, 1, 11, NULL, '2023-05-15'),
(2292, 1, 12, NULL, '2023-05-15'),
(2293, 2, 1, NULL, '2023-05-15'),
(2294, 2, 2, NULL, '2023-05-15'),
(2295, 2, 3, NULL, '2023-05-15'),
(2296, 2, 4, NULL, '2023-05-15'),
(2297, 2, 5, NULL, '2023-05-15'),
(2298, 2, 6, NULL, '2023-05-15'),
(2299, 2, 7, NULL, '2023-05-15'),
(2300, 2, 8, NULL, '2023-05-15'),
(2301, 2, 9, NULL, '2023-05-15'),
(2302, 2, 10, NULL, '2023-05-15'),
(2303, 2, 11, NULL, '2023-05-15'),
(2304, 2, 12, NULL, '2023-05-15'),
(2317, 4, 1, NULL, '2023-05-15'),
(2318, 4, 2, NULL, '2023-05-15'),
(2319, 4, 3, NULL, '2023-05-15'),
(2320, 4, 4, NULL, '2023-05-15'),
(2321, 4, 5, NULL, '2023-05-15'),
(2322, 4, 6, NULL, '2023-05-15'),
(2323, 4, 7, NULL, '2023-05-15'),
(2324, 4, 8, NULL, '2023-05-15'),
(2325, 4, 9, NULL, '2023-05-15'),
(2326, 4, 10, NULL, '2023-05-15'),
(2327, 4, 11, NULL, '2023-05-15'),
(2328, 4, 12, NULL, '2023-05-15'),
(2329, 5, 1, NULL, '2023-05-15'),
(2330, 5, 2, NULL, '2023-05-15'),
(2331, 5, 3, NULL, '2023-05-15'),
(2332, 5, 4, NULL, '2023-05-15'),
(2335, 5, 7, NULL, '2023-05-15'),
(2336, 5, 8, NULL, '2023-05-15'),
(2337, 5, 9, NULL, '2023-05-15'),
(2339, 5, 11, NULL, '2023-05-15'),
(2340, 5, 12, NULL, '2023-05-15'),
(2341, 1, 1, NULL, '2023-05-16'),
(2342, 1, 2, NULL, '2023-05-16'),
(2343, 1, 3, NULL, '2023-05-16'),
(2344, 1, 4, NULL, '2023-05-16'),
(2346, 1, 6, NULL, '2023-05-16'),
(2347, 1, 7, NULL, '2023-05-16'),
(2348, 1, 8, NULL, '2023-05-16'),
(2349, 1, 9, NULL, '2023-05-16'),
(2351, 1, 11, NULL, '2023-05-16'),
(2352, 1, 12, NULL, '2023-05-16'),
(2353, 2, 1, NULL, '2023-05-16'),
(2354, 2, 2, NULL, '2023-05-16'),
(2355, 2, 3, NULL, '2023-05-16'),
(2356, 2, 4, NULL, '2023-05-16'),
(2357, 2, 5, NULL, '2023-05-16'),
(2358, 2, 6, NULL, '2023-05-16'),
(2359, 2, 7, NULL, '2023-05-16'),
(2360, 2, 8, NULL, '2023-05-16'),
(2361, 2, 9, NULL, '2023-05-16'),
(2362, 2, 10, NULL, '2023-05-16'),
(2363, 2, 11, NULL, '2023-05-16'),
(2364, 2, 12, NULL, '2023-05-16'),
(2365, 3, 1, NULL, '2023-05-16'),
(2366, 3, 2, NULL, '2023-05-16'),
(2367, 3, 3, NULL, '2023-05-16'),
(2368, 3, 4, NULL, '2023-05-16'),
(2369, 3, 5, NULL, '2023-05-16'),
(2371, 3, 7, NULL, '2023-05-16'),
(2372, 3, 8, NULL, '2023-05-16'),
(2373, 3, 9, NULL, '2023-05-16'),
(2374, 3, 10, NULL, '2023-05-16'),
(2375, 3, 11, NULL, '2023-05-16'),
(2376, 3, 12, NULL, '2023-05-16'),
(2377, 4, 1, NULL, '2023-05-16'),
(2378, 4, 2, NULL, '2023-05-16'),
(2379, 4, 3, NULL, '2023-05-16'),
(2380, 4, 4, NULL, '2023-05-16'),
(2381, 4, 5, NULL, '2023-05-16'),
(2382, 4, 6, NULL, '2023-05-16'),
(2383, 4, 7, NULL, '2023-05-16'),
(2384, 4, 8, NULL, '2023-05-16'),
(2385, 4, 9, NULL, '2023-05-16'),
(2386, 4, 10, NULL, '2023-05-16'),
(2387, 4, 11, NULL, '2023-05-16'),
(2388, 4, 12, NULL, '2023-05-16'),
(2389, 5, 1, NULL, '2023-05-16'),
(2390, 5, 2, NULL, '2023-05-16'),
(2391, 5, 3, NULL, '2023-05-16'),
(2392, 5, 4, NULL, '2023-05-16'),
(2395, 5, 7, NULL, '2023-05-16'),
(2396, 5, 8, NULL, '2023-05-16'),
(2397, 5, 9, NULL, '2023-05-16'),
(2398, 5, 10, NULL, '2023-05-16'),
(2399, 5, 11, NULL, '2023-05-16'),
(2400, 5, 12, NULL, '2023-05-16'),
(2401, 1, 1, NULL, '2023-05-17'),
(2402, 1, 2, NULL, '2023-05-17'),
(2403, 1, 3, NULL, '2023-05-17'),
(2404, 1, 4, NULL, '2023-05-17'),
(2406, 1, 6, NULL, '2023-05-17'),
(2407, 1, 7, NULL, '2023-05-17'),
(2408, 1, 8, NULL, '2023-05-17'),
(2409, 1, 9, NULL, '2023-05-17'),
(2411, 1, 11, NULL, '2023-05-17'),
(2412, 1, 12, NULL, '2023-05-17'),
(2413, 2, 1, NULL, '2023-05-17'),
(2414, 2, 2, NULL, '2023-05-17'),
(2415, 2, 3, NULL, '2023-05-17'),
(2416, 2, 4, NULL, '2023-05-17'),
(2417, 2, 5, NULL, '2023-05-17'),
(2418, 2, 6, NULL, '2023-05-17'),
(2419, 2, 7, NULL, '2023-05-17'),
(2420, 2, 8, NULL, '2023-05-17'),
(2421, 2, 9, NULL, '2023-05-17'),
(2422, 2, 10, NULL, '2023-05-17'),
(2423, 2, 11, NULL, '2023-05-17'),
(2424, 2, 12, NULL, '2023-05-17'),
(2425, 3, 1, NULL, '2023-05-17'),
(2426, 3, 2, NULL, '2023-05-17'),
(2427, 3, 3, NULL, '2023-05-17'),
(2428, 3, 4, NULL, '2023-05-17'),
(2429, 3, 5, NULL, '2023-05-17'),
(2431, 3, 7, NULL, '2023-05-17'),
(2432, 3, 8, NULL, '2023-05-17'),
(2433, 3, 9, NULL, '2023-05-17'),
(2434, 3, 10, NULL, '2023-05-17'),
(2435, 3, 11, NULL, '2023-05-17'),
(2436, 3, 12, NULL, '2023-05-17'),
(2437, 4, 1, NULL, '2023-05-17'),
(2438, 4, 2, NULL, '2023-05-17'),
(2439, 4, 3, NULL, '2023-05-17'),
(2440, 4, 4, NULL, '2023-05-17'),
(2441, 4, 5, NULL, '2023-05-17'),
(2442, 4, 6, NULL, '2023-05-17'),
(2443, 4, 7, NULL, '2023-05-17'),
(2444, 4, 8, NULL, '2023-05-17'),
(2445, 4, 9, NULL, '2023-05-17'),
(2446, 4, 10, NULL, '2023-05-17'),
(2447, 4, 11, NULL, '2023-05-17'),
(2448, 4, 12, NULL, '2023-05-17'),
(2449, 5, 1, NULL, '2023-05-17'),
(2450, 5, 2, NULL, '2023-05-17'),
(2451, 5, 3, NULL, '2023-05-17'),
(2452, 5, 4, NULL, '2023-05-17'),
(2455, 5, 7, NULL, '2023-05-17'),
(2456, 5, 8, NULL, '2023-05-17'),
(2457, 5, 9, NULL, '2023-05-17'),
(2458, 5, 10, NULL, '2023-05-17'),
(2459, 5, 11, NULL, '2023-05-17'),
(2460, 5, 12, NULL, '2023-05-17'),
(2461, 1, 1, NULL, '2023-05-18'),
(2462, 1, 2, NULL, '2023-05-18'),
(2463, 1, 3, NULL, '2023-05-18'),
(2464, 1, 4, NULL, '2023-05-18'),
(2466, 1, 6, NULL, '2023-05-18'),
(2467, 1, 7, NULL, '2023-05-18'),
(2468, 1, 8, NULL, '2023-05-18'),
(2469, 1, 9, NULL, '2023-05-18'),
(2471, 1, 11, NULL, '2023-05-18'),
(2472, 1, 12, NULL, '2023-05-18'),
(2473, 2, 1, NULL, '2023-05-18'),
(2474, 2, 2, NULL, '2023-05-18'),
(2475, 2, 3, NULL, '2023-05-18'),
(2476, 2, 4, NULL, '2023-05-18'),
(2477, 2, 5, NULL, '2023-05-18'),
(2478, 2, 6, NULL, '2023-05-18'),
(2479, 2, 7, NULL, '2023-05-18'),
(2480, 2, 8, NULL, '2023-05-18'),
(2481, 2, 9, NULL, '2023-05-18'),
(2482, 2, 10, NULL, '2023-05-18'),
(2483, 2, 11, NULL, '2023-05-18'),
(2484, 2, 12, NULL, '2023-05-18'),
(2497, 4, 1, NULL, '2023-05-18'),
(2498, 4, 2, NULL, '2023-05-18'),
(2499, 4, 3, NULL, '2023-05-18'),
(2500, 4, 4, NULL, '2023-05-18'),
(2501, 4, 5, NULL, '2023-05-18'),
(2502, 4, 6, NULL, '2023-05-18'),
(2503, 4, 7, NULL, '2023-05-18'),
(2504, 4, 8, NULL, '2023-05-18'),
(2505, 4, 9, NULL, '2023-05-18'),
(2506, 4, 10, NULL, '2023-05-18'),
(2507, 4, 11, NULL, '2023-05-18'),
(2508, 4, 12, NULL, '2023-05-18'),
(2509, 5, 1, NULL, '2023-05-18'),
(2510, 5, 2, NULL, '2023-05-18'),
(2511, 5, 3, NULL, '2023-05-18'),
(2512, 5, 4, NULL, '2023-05-18'),
(2515, 5, 7, NULL, '2023-05-18'),
(2516, 5, 8, NULL, '2023-05-18'),
(2517, 5, 9, NULL, '2023-05-18'),
(2518, 5, 10, NULL, '2023-05-18'),
(2519, 5, 11, NULL, '2023-05-18'),
(2520, 5, 12, NULL, '2023-05-18'),
(2521, 1, 1, NULL, '2023-05-19'),
(2522, 1, 2, NULL, '2023-05-19'),
(2523, 1, 3, NULL, '2023-05-19'),
(2524, 1, 4, NULL, '2023-05-19'),
(2526, 1, 6, NULL, '2023-05-19'),
(2527, 1, 7, NULL, '2023-05-19'),
(2528, 1, 8, NULL, '2023-05-19'),
(2529, 1, 9, NULL, '2023-05-19'),
(2531, 1, 11, NULL, '2023-05-19'),
(2532, 1, 12, NULL, '2023-05-19'),
(2533, 2, 1, NULL, '2023-05-19'),
(2534, 2, 2, NULL, '2023-05-19'),
(2535, 2, 3, NULL, '2023-05-19'),
(2536, 2, 4, NULL, '2023-05-19'),
(2537, 2, 5, NULL, '2023-05-19'),
(2538, 2, 6, NULL, '2023-05-19'),
(2539, 2, 7, NULL, '2023-05-19'),
(2540, 2, 8, NULL, '2023-05-19'),
(2541, 2, 9, NULL, '2023-05-19'),
(2542, 2, 10, NULL, '2023-05-19'),
(2543, 2, 11, NULL, '2023-05-19'),
(2544, 2, 12, NULL, '2023-05-19'),
(2545, 3, 1, NULL, '2023-05-19'),
(2546, 3, 2, NULL, '2023-05-19'),
(2547, 3, 3, NULL, '2023-05-19'),
(2548, 3, 4, NULL, '2023-05-19'),
(2549, 3, 5, NULL, '2023-05-19'),
(2550, 3, 6, NULL, '2023-05-19'),
(2551, 3, 7, NULL, '2023-05-19'),
(2552, 3, 8, NULL, '2023-05-19'),
(2553, 3, 9, NULL, '2023-05-19'),
(2554, 3, 10, NULL, '2023-05-19'),
(2555, 3, 11, NULL, '2023-05-19'),
(2556, 3, 12, NULL, '2023-05-19'),
(2557, 4, 1, NULL, '2023-05-19'),
(2558, 4, 2, NULL, '2023-05-19'),
(2559, 4, 3, NULL, '2023-05-19'),
(2560, 4, 4, NULL, '2023-05-19'),
(2561, 4, 5, NULL, '2023-05-19'),
(2562, 4, 6, NULL, '2023-05-19'),
(2563, 4, 7, NULL, '2023-05-19'),
(2564, 4, 8, NULL, '2023-05-19'),
(2565, 4, 9, NULL, '2023-05-19'),
(2566, 4, 10, NULL, '2023-05-19'),
(2567, 4, 11, NULL, '2023-05-19'),
(2568, 4, 12, NULL, '2023-05-19'),
(2569, 5, 1, NULL, '2023-05-19'),
(2570, 5, 2, NULL, '2023-05-19'),
(2571, 5, 3, NULL, '2023-05-19'),
(2572, 5, 4, NULL, '2023-05-19'),
(2575, 5, 7, NULL, '2023-05-19'),
(2576, 5, 8, NULL, '2023-05-19'),
(2577, 5, 9, NULL, '2023-05-19'),
(2578, 5, 10, NULL, '2023-05-19'),
(2579, 5, 11, NULL, '2023-05-19'),
(2580, 5, 12, NULL, '2023-05-19'),
(2581, 1, 1, NULL, '2023-05-20'),
(2582, 1, 2, NULL, '2023-05-20'),
(2583, 1, 3, NULL, '2023-05-20'),
(2584, 1, 4, NULL, '2023-05-20'),
(2586, 1, 6, NULL, '2023-05-20'),
(2587, 1, 7, NULL, '2023-05-20'),
(2588, 1, 8, NULL, '2023-05-20'),
(2589, 1, 9, NULL, '2023-05-20'),
(2591, 1, 11, NULL, '2023-05-20'),
(2592, 1, 12, NULL, '2023-05-20'),
(2605, 3, 1, NULL, '2023-05-20'),
(2606, 3, 2, NULL, '2023-05-20'),
(2607, 3, 3, NULL, '2023-05-20'),
(2608, 3, 4, NULL, '2023-05-20'),
(2609, 3, 5, NULL, '2023-05-20'),
(2610, 3, 6, NULL, '2023-05-20'),
(2611, 3, 7, NULL, '2023-05-20'),
(2612, 3, 8, NULL, '2023-05-20'),
(2613, 3, 9, NULL, '2023-05-20'),
(2614, 3, 10, NULL, '2023-05-20'),
(2615, 3, 11, NULL, '2023-05-20'),
(2616, 3, 12, NULL, '2023-05-20'),
(2617, 4, 1, NULL, '2023-05-20'),
(2618, 4, 2, NULL, '2023-05-20'),
(2619, 4, 3, NULL, '2023-05-20'),
(2620, 4, 4, NULL, '2023-05-20'),
(2621, 4, 5, NULL, '2023-05-20'),
(2629, 5, 1, NULL, '2023-05-20'),
(2630, 5, 2, NULL, '2023-05-20'),
(2631, 5, 3, NULL, '2023-05-20'),
(2632, 5, 4, NULL, '2023-05-20'),
(2635, 5, 7, NULL, '2023-05-20'),
(2636, 5, 8, NULL, '2023-05-20'),
(2637, 5, 9, NULL, '2023-05-20'),
(2638, 5, 10, NULL, '2023-05-20'),
(2639, 5, 11, NULL, '2023-05-20'),
(2640, 5, 12, NULL, '2023-05-20'),
(2641, 1, 1, NULL, '2023-05-21'),
(2642, 1, 2, NULL, '2023-05-21'),
(2643, 1, 3, NULL, '2023-05-21'),
(2644, 1, 4, NULL, '2023-05-21'),
(2665, 3, 1, NULL, '2023-05-21'),
(2666, 3, 2, NULL, '2023-05-21'),
(2667, 3, 3, NULL, '2023-05-21'),
(2668, 3, 4, NULL, '2023-05-21'),
(2669, 3, 5, NULL, '2023-05-21'),
(2670, 3, 6, NULL, '2023-05-21'),
(2671, 3, 7, NULL, '2023-05-21'),
(2672, 3, 8, NULL, '2023-05-21'),
(2673, 3, 9, NULL, '2023-05-21'),
(2674, 3, 10, NULL, '2023-05-21'),
(2675, 3, 11, NULL, '2023-05-21'),
(2676, 3, 12, NULL, '2023-05-21'),
(2677, 4, 1, NULL, '2023-05-21'),
(2678, 4, 2, NULL, '2023-05-21'),
(2679, 4, 3, NULL, '2023-05-21'),
(2680, 4, 4, NULL, '2023-05-21'),
(2681, 4, 5, NULL, '2023-05-21'),
(2689, 5, 1, NULL, '2023-05-21'),
(2690, 5, 2, NULL, '2023-05-21'),
(2691, 5, 3, NULL, '2023-05-21'),
(2692, 5, 4, NULL, '2023-05-21'),
(2695, 5, 7, NULL, '2023-05-21'),
(2696, 5, 8, NULL, '2023-05-21'),
(2697, 5, 9, NULL, '2023-05-21'),
(2698, 5, 10, NULL, '2023-05-21'),
(2699, 5, 11, NULL, '2023-05-21'),
(2700, 5, 12, NULL, '2023-05-21'),
(2701, 1, 1, NULL, '2023-05-22'),
(2702, 1, 2, NULL, '2023-05-22'),
(2703, 1, 3, NULL, '2023-05-22'),
(2704, 1, 4, NULL, '2023-05-22'),
(2706, 1, 6, NULL, '2023-05-22'),
(2707, 1, 7, NULL, '2023-05-22'),
(2708, 1, 8, NULL, '2023-05-22'),
(2709, 1, 9, NULL, '2023-05-22'),
(2711, 1, 11, NULL, '2023-05-22'),
(2712, 1, 12, NULL, '2023-05-22'),
(2713, 2, 1, NULL, '2023-05-22'),
(2714, 2, 2, NULL, '2023-05-22'),
(2715, 2, 3, NULL, '2023-05-22'),
(2716, 2, 4, NULL, '2023-05-22'),
(2717, 2, 5, NULL, '2023-05-22'),
(2718, 2, 6, NULL, '2023-05-22'),
(2719, 2, 7, NULL, '2023-05-22'),
(2720, 2, 8, NULL, '2023-05-22'),
(2721, 2, 9, NULL, '2023-05-22'),
(2722, 2, 10, NULL, '2023-05-22'),
(2723, 2, 11, NULL, '2023-05-22'),
(2724, 2, 12, NULL, '2023-05-22'),
(2737, 4, 1, NULL, '2023-05-22'),
(2738, 4, 2, NULL, '2023-05-22'),
(2739, 4, 3, NULL, '2023-05-22'),
(2740, 4, 4, NULL, '2023-05-22'),
(2741, 4, 5, NULL, '2023-05-22'),
(2742, 4, 6, NULL, '2023-05-22'),
(2743, 4, 7, NULL, '2023-05-22'),
(2744, 4, 8, NULL, '2023-05-22'),
(2745, 4, 9, NULL, '2023-05-22'),
(2746, 4, 10, NULL, '2023-05-22'),
(2747, 4, 11, NULL, '2023-05-22'),
(2748, 4, 12, NULL, '2023-05-22'),
(2749, 5, 1, NULL, '2023-05-22'),
(2750, 5, 2, NULL, '2023-05-22'),
(2751, 5, 3, NULL, '2023-05-22'),
(2752, 5, 4, NULL, '2023-05-22'),
(2755, 5, 7, NULL, '2023-05-22'),
(2756, 5, 8, NULL, '2023-05-22'),
(2757, 5, 9, NULL, '2023-05-22'),
(2759, 5, 11, NULL, '2023-05-22'),
(2760, 5, 12, NULL, '2023-05-22'),
(2761, 1, 1, NULL, '2023-05-23'),
(2762, 1, 2, NULL, '2023-05-23'),
(2763, 1, 3, NULL, '2023-05-23'),
(2764, 1, 4, NULL, '2023-05-23'),
(2766, 1, 6, NULL, '2023-05-23'),
(2767, 1, 7, NULL, '2023-05-23'),
(2768, 1, 8, NULL, '2023-05-23'),
(2769, 1, 9, NULL, '2023-05-23'),
(2771, 1, 11, NULL, '2023-05-23'),
(2772, 1, 12, NULL, '2023-05-23'),
(2773, 2, 1, NULL, '2023-05-23'),
(2774, 2, 2, NULL, '2023-05-23'),
(2775, 2, 3, NULL, '2023-05-23'),
(2776, 2, 4, NULL, '2023-05-23'),
(2777, 2, 5, NULL, '2023-05-23'),
(2778, 2, 6, NULL, '2023-05-23'),
(2779, 2, 7, NULL, '2023-05-23'),
(2780, 2, 8, NULL, '2023-05-23'),
(2781, 2, 9, NULL, '2023-05-23'),
(2782, 2, 10, NULL, '2023-05-23'),
(2783, 2, 11, NULL, '2023-05-23'),
(2784, 2, 12, NULL, '2023-05-23'),
(2785, 3, 1, NULL, '2023-05-23'),
(2786, 3, 2, NULL, '2023-05-23'),
(2787, 3, 3, NULL, '2023-05-23'),
(2788, 3, 4, NULL, '2023-05-23'),
(2789, 3, 5, NULL, '2023-05-23'),
(2791, 3, 7, NULL, '2023-05-23'),
(2792, 3, 8, NULL, '2023-05-23'),
(2793, 3, 9, NULL, '2023-05-23'),
(2794, 3, 10, NULL, '2023-05-23'),
(2795, 3, 11, NULL, '2023-05-23'),
(2796, 3, 12, NULL, '2023-05-23'),
(2797, 4, 1, NULL, '2023-05-23'),
(2798, 4, 2, NULL, '2023-05-23'),
(2799, 4, 3, NULL, '2023-05-23'),
(2800, 4, 4, NULL, '2023-05-23'),
(2801, 4, 5, NULL, '2023-05-23'),
(2802, 4, 6, NULL, '2023-05-23'),
(2803, 4, 7, NULL, '2023-05-23'),
(2804, 4, 8, NULL, '2023-05-23'),
(2805, 4, 9, NULL, '2023-05-23'),
(2806, 4, 10, NULL, '2023-05-23'),
(2807, 4, 11, NULL, '2023-05-23'),
(2808, 4, 12, NULL, '2023-05-23'),
(2809, 5, 1, NULL, '2023-05-23'),
(2810, 5, 2, NULL, '2023-05-23'),
(2811, 5, 3, NULL, '2023-05-23'),
(2812, 5, 4, NULL, '2023-05-23'),
(2815, 5, 7, NULL, '2023-05-23'),
(2816, 5, 8, NULL, '2023-05-23'),
(2817, 5, 9, NULL, '2023-05-23'),
(2818, 5, 10, NULL, '2023-05-23'),
(2819, 5, 11, NULL, '2023-05-23'),
(2820, 5, 12, NULL, '2023-05-23'),
(2821, 1, 1, NULL, '2023-05-24'),
(2822, 1, 2, NULL, '2023-05-24'),
(2823, 1, 3, NULL, '2023-05-24'),
(2824, 1, 4, NULL, '2023-05-24'),
(2826, 1, 6, NULL, '2023-05-24'),
(2827, 1, 7, NULL, '2023-05-24'),
(2828, 1, 8, NULL, '2023-05-24'),
(2829, 1, 9, NULL, '2023-05-24'),
(2831, 1, 11, NULL, '2023-05-24'),
(2832, 1, 12, NULL, '2023-05-24'),
(2833, 2, 1, NULL, '2023-05-24'),
(2834, 2, 2, NULL, '2023-05-24'),
(2835, 2, 3, NULL, '2023-05-24'),
(2836, 2, 4, NULL, '2023-05-24'),
(2837, 2, 5, NULL, '2023-05-24'),
(2838, 2, 6, NULL, '2023-05-24'),
(2839, 2, 7, NULL, '2023-05-24'),
(2840, 2, 8, NULL, '2023-05-24'),
(2841, 2, 9, NULL, '2023-05-24'),
(2842, 2, 10, NULL, '2023-05-24'),
(2843, 2, 11, NULL, '2023-05-24'),
(2844, 2, 12, NULL, '2023-05-24'),
(2845, 3, 1, NULL, '2023-05-24'),
(2846, 3, 2, NULL, '2023-05-24'),
(2847, 3, 3, NULL, '2023-05-24'),
(2848, 3, 4, NULL, '2023-05-24'),
(2849, 3, 5, NULL, '2023-05-24'),
(2851, 3, 7, NULL, '2023-05-24'),
(2852, 3, 8, NULL, '2023-05-24'),
(2853, 3, 9, NULL, '2023-05-24'),
(2854, 3, 10, NULL, '2023-05-24'),
(2855, 3, 11, NULL, '2023-05-24'),
(2856, 3, 12, NULL, '2023-05-24'),
(2857, 4, 1, NULL, '2023-05-24'),
(2858, 4, 2, NULL, '2023-05-24'),
(2859, 4, 3, NULL, '2023-05-24'),
(2860, 4, 4, NULL, '2023-05-24'),
(2861, 4, 5, NULL, '2023-05-24'),
(2862, 4, 6, NULL, '2023-05-24'),
(2863, 4, 7, NULL, '2023-05-24'),
(2864, 4, 8, NULL, '2023-05-24'),
(2865, 4, 9, NULL, '2023-05-24'),
(2866, 4, 10, NULL, '2023-05-24'),
(2867, 4, 11, NULL, '2023-05-24'),
(2868, 4, 12, NULL, '2023-05-24'),
(2869, 5, 1, NULL, '2023-05-24'),
(2870, 5, 2, NULL, '2023-05-24'),
(2871, 5, 3, NULL, '2023-05-24'),
(2872, 5, 4, NULL, '2023-05-24'),
(2875, 5, 7, NULL, '2023-05-24'),
(2876, 5, 8, NULL, '2023-05-24'),
(2877, 5, 9, NULL, '2023-05-24'),
(2878, 5, 10, NULL, '2023-05-24'),
(2879, 5, 11, NULL, '2023-05-24'),
(2880, 5, 12, NULL, '2023-05-24'),
(2881, 1, 1, NULL, '2023-05-25'),
(2882, 1, 2, NULL, '2023-05-25'),
(2883, 1, 3, NULL, '2023-05-25'),
(2884, 1, 4, NULL, '2023-05-25'),
(2886, 1, 6, NULL, '2023-05-25'),
(2887, 1, 7, NULL, '2023-05-25'),
(2888, 1, 8, NULL, '2023-05-25'),
(2889, 1, 9, NULL, '2023-05-25'),
(2891, 1, 11, NULL, '2023-05-25'),
(2892, 1, 12, NULL, '2023-05-25'),
(2893, 2, 1, NULL, '2023-05-25'),
(2894, 2, 2, NULL, '2023-05-25'),
(2895, 2, 3, NULL, '2023-05-25'),
(2896, 2, 4, NULL, '2023-05-25'),
(2897, 2, 5, NULL, '2023-05-25'),
(2898, 2, 6, NULL, '2023-05-25'),
(2899, 2, 7, NULL, '2023-05-25'),
(2900, 2, 8, NULL, '2023-05-25'),
(2901, 2, 9, NULL, '2023-05-25'),
(2902, 2, 10, NULL, '2023-05-25'),
(2903, 2, 11, NULL, '2023-05-25'),
(2904, 2, 12, NULL, '2023-05-25'),
(2917, 4, 1, NULL, '2023-05-25'),
(2918, 4, 2, NULL, '2023-05-25'),
(2919, 4, 3, NULL, '2023-05-25'),
(2920, 4, 4, NULL, '2023-05-25'),
(2921, 4, 5, NULL, '2023-05-25'),
(2922, 4, 6, NULL, '2023-05-25'),
(2923, 4, 7, NULL, '2023-05-25'),
(2924, 4, 8, NULL, '2023-05-25'),
(2925, 4, 9, NULL, '2023-05-25'),
(2926, 4, 10, NULL, '2023-05-25'),
(2927, 4, 11, NULL, '2023-05-25'),
(2928, 4, 12, NULL, '2023-05-25'),
(2929, 5, 1, NULL, '2023-05-25'),
(2930, 5, 2, NULL, '2023-05-25'),
(2931, 5, 3, NULL, '2023-05-25'),
(2932, 5, 4, NULL, '2023-05-25'),
(2935, 5, 7, NULL, '2023-05-25'),
(2936, 5, 8, NULL, '2023-05-25'),
(2937, 5, 9, NULL, '2023-05-25'),
(2938, 5, 10, NULL, '2023-05-25'),
(2939, 5, 11, NULL, '2023-05-25'),
(2940, 5, 12, NULL, '2023-05-25'),
(2941, 1, 1, NULL, '2023-05-26'),
(2942, 1, 2, NULL, '2023-05-26'),
(2943, 1, 3, NULL, '2023-05-26'),
(2944, 1, 4, NULL, '2023-05-26'),
(2946, 1, 6, NULL, '2023-05-26'),
(2947, 1, 7, NULL, '2023-05-26'),
(2948, 1, 8, NULL, '2023-05-26'),
(2949, 1, 9, NULL, '2023-05-26'),
(2951, 1, 11, NULL, '2023-05-26'),
(2952, 1, 12, NULL, '2023-05-26'),
(2953, 2, 1, NULL, '2023-05-26'),
(2954, 2, 2, NULL, '2023-05-26'),
(2955, 2, 3, NULL, '2023-05-26'),
(2956, 2, 4, NULL, '2023-05-26'),
(2957, 2, 5, NULL, '2023-05-26'),
(2958, 2, 6, NULL, '2023-05-26'),
(2959, 2, 7, NULL, '2023-05-26'),
(2960, 2, 8, NULL, '2023-05-26'),
(2961, 2, 9, NULL, '2023-05-26'),
(2962, 2, 10, NULL, '2023-05-26'),
(2963, 2, 11, NULL, '2023-05-26'),
(2964, 2, 12, NULL, '2023-05-26'),
(2965, 3, 1, NULL, '2023-05-26'),
(2966, 3, 2, NULL, '2023-05-26'),
(2967, 3, 3, NULL, '2023-05-26'),
(2968, 3, 4, NULL, '2023-05-26'),
(2969, 3, 5, NULL, '2023-05-26'),
(2970, 3, 6, NULL, '2023-05-26'),
(2971, 3, 7, NULL, '2023-05-26'),
(2972, 3, 8, NULL, '2023-05-26'),
(2973, 3, 9, NULL, '2023-05-26'),
(2974, 3, 10, NULL, '2023-05-26'),
(2975, 3, 11, NULL, '2023-05-26'),
(2976, 3, 12, NULL, '2023-05-26'),
(2977, 4, 1, NULL, '2023-05-26'),
(2978, 4, 2, NULL, '2023-05-26'),
(2979, 4, 3, NULL, '2023-05-26'),
(2980, 4, 4, NULL, '2023-05-26'),
(2981, 4, 5, NULL, '2023-05-26'),
(2982, 4, 6, NULL, '2023-05-26'),
(2983, 4, 7, NULL, '2023-05-26'),
(2984, 4, 8, NULL, '2023-05-26'),
(2985, 4, 9, NULL, '2023-05-26'),
(2986, 4, 10, NULL, '2023-05-26'),
(2987, 4, 11, NULL, '2023-05-26'),
(2988, 4, 12, NULL, '2023-05-26'),
(2989, 5, 1, NULL, '2023-05-26'),
(2990, 5, 2, NULL, '2023-05-26'),
(2991, 5, 3, NULL, '2023-05-26'),
(2992, 5, 4, NULL, '2023-05-26'),
(2995, 5, 7, NULL, '2023-05-26'),
(2996, 5, 8, NULL, '2023-05-26'),
(2997, 5, 9, NULL, '2023-05-26'),
(2998, 5, 10, NULL, '2023-05-26'),
(2999, 5, 11, NULL, '2023-05-26'),
(3000, 5, 12, NULL, '2023-05-26'),
(3001, 1, 1, NULL, '2023-05-27'),
(3002, 1, 2, NULL, '2023-05-27'),
(3003, 1, 3, NULL, '2023-05-27'),
(3004, 1, 4, NULL, '2023-05-27'),
(3006, 1, 6, NULL, '2023-05-27'),
(3007, 1, 7, NULL, '2023-05-27'),
(3008, 1, 8, NULL, '2023-05-27'),
(3009, 1, 9, NULL, '2023-05-27'),
(3011, 1, 11, NULL, '2023-05-27'),
(3012, 1, 12, NULL, '2023-05-27'),
(3025, 3, 1, NULL, '2023-05-27'),
(3026, 3, 2, NULL, '2023-05-27'),
(3027, 3, 3, NULL, '2023-05-27'),
(3028, 3, 4, NULL, '2023-05-27'),
(3029, 3, 5, NULL, '2023-05-27'),
(3030, 3, 6, NULL, '2023-05-27'),
(3031, 3, 7, NULL, '2023-05-27'),
(3032, 3, 8, NULL, '2023-05-27'),
(3033, 3, 9, NULL, '2023-05-27'),
(3034, 3, 10, NULL, '2023-05-27'),
(3035, 3, 11, NULL, '2023-05-27'),
(3036, 3, 12, NULL, '2023-05-27'),
(3037, 4, 1, NULL, '2023-05-27'),
(3038, 4, 2, NULL, '2023-05-27'),
(3039, 4, 3, NULL, '2023-05-27'),
(3040, 4, 4, NULL, '2023-05-27'),
(3041, 4, 5, NULL, '2023-05-27'),
(3049, 5, 1, NULL, '2023-05-27'),
(3050, 5, 2, NULL, '2023-05-27'),
(3051, 5, 3, NULL, '2023-05-27'),
(3052, 5, 4, NULL, '2023-05-27'),
(3055, 5, 7, NULL, '2023-05-27'),
(3056, 5, 8, NULL, '2023-05-27'),
(3057, 5, 9, NULL, '2023-05-27'),
(3058, 5, 10, NULL, '2023-05-27'),
(3059, 5, 11, NULL, '2023-05-27'),
(3060, 5, 12, NULL, '2023-05-27'),
(3061, 1, 1, NULL, '2023-05-28'),
(3062, 1, 2, NULL, '2023-05-28'),
(3063, 1, 3, NULL, '2023-05-28'),
(3064, 1, 4, NULL, '2023-05-28'),
(3085, 3, 1, NULL, '2023-05-28'),
(3086, 3, 2, NULL, '2023-05-28'),
(3087, 3, 3, NULL, '2023-05-28'),
(3088, 3, 4, NULL, '2023-05-28'),
(3089, 3, 5, NULL, '2023-05-28'),
(3090, 3, 6, NULL, '2023-05-28'),
(3091, 3, 7, NULL, '2023-05-28'),
(3092, 3, 8, NULL, '2023-05-28'),
(3093, 3, 9, NULL, '2023-05-28'),
(3094, 3, 10, NULL, '2023-05-28'),
(3095, 3, 11, NULL, '2023-05-28'),
(3096, 3, 12, NULL, '2023-05-28'),
(3097, 4, 1, NULL, '2023-05-28'),
(3098, 4, 2, NULL, '2023-05-28'),
(3099, 4, 3, NULL, '2023-05-28'),
(3100, 4, 4, NULL, '2023-05-28'),
(3101, 4, 5, NULL, '2023-05-28'),
(3109, 5, 1, NULL, '2023-05-28'),
(3110, 5, 2, NULL, '2023-05-28'),
(3111, 5, 3, NULL, '2023-05-28'),
(3112, 5, 4, NULL, '2023-05-28'),
(3115, 5, 7, NULL, '2023-05-28'),
(3116, 5, 8, NULL, '2023-05-28'),
(3117, 5, 9, NULL, '2023-05-28'),
(3118, 5, 10, NULL, '2023-05-28'),
(3119, 5, 11, NULL, '2023-05-28'),
(3120, 5, 12, NULL, '2023-05-28'),
(3121, 1, 1, NULL, '2023-05-29'),
(3122, 1, 2, NULL, '2023-05-29'),
(3123, 1, 3, NULL, '2023-05-29'),
(3124, 1, 4, NULL, '2023-05-29'),
(3126, 1, 6, NULL, '2023-05-29'),
(3127, 1, 7, NULL, '2023-05-29'),
(3128, 1, 8, NULL, '2023-05-29'),
(3129, 1, 9, NULL, '2023-05-29'),
(3131, 1, 11, NULL, '2023-05-29'),
(3132, 1, 12, NULL, '2023-05-29'),
(3133, 2, 1, NULL, '2023-05-29'),
(3134, 2, 2, NULL, '2023-05-29'),
(3135, 2, 3, NULL, '2023-05-29'),
(3136, 2, 4, NULL, '2023-05-29'),
(3137, 2, 5, NULL, '2023-05-29'),
(3138, 2, 6, NULL, '2023-05-29'),
(3139, 2, 7, NULL, '2023-05-29'),
(3140, 2, 8, NULL, '2023-05-29'),
(3141, 2, 9, NULL, '2023-05-29'),
(3142, 2, 10, NULL, '2023-05-29'),
(3143, 2, 11, NULL, '2023-05-29'),
(3144, 2, 12, NULL, '2023-05-29'),
(3157, 4, 1, NULL, '2023-05-29'),
(3158, 4, 2, NULL, '2023-05-29'),
(3159, 4, 3, NULL, '2023-05-29'),
(3160, 4, 4, NULL, '2023-05-29'),
(3161, 4, 5, NULL, '2023-05-29'),
(3162, 4, 6, NULL, '2023-05-29'),
(3163, 4, 7, NULL, '2023-05-29'),
(3164, 4, 8, NULL, '2023-05-29'),
(3165, 4, 9, NULL, '2023-05-29'),
(3166, 4, 10, NULL, '2023-05-29'),
(3167, 4, 11, NULL, '2023-05-29'),
(3168, 4, 12, NULL, '2023-05-29'),
(3169, 5, 1, NULL, '2023-05-29'),
(3170, 5, 2, NULL, '2023-05-29'),
(3171, 5, 3, NULL, '2023-05-29'),
(3172, 5, 4, NULL, '2023-05-29'),
(3175, 5, 7, NULL, '2023-05-29'),
(3176, 5, 8, NULL, '2023-05-29'),
(3177, 5, 9, NULL, '2023-05-29'),
(3179, 5, 11, NULL, '2023-05-29'),
(3180, 5, 12, NULL, '2023-05-29'),
(3181, 1, 1, NULL, '2023-05-30'),
(3182, 1, 2, NULL, '2023-05-30'),
(3183, 1, 3, NULL, '2023-05-30'),
(3184, 1, 4, NULL, '2023-05-30'),
(3186, 1, 6, NULL, '2023-05-30'),
(3187, 1, 7, NULL, '2023-05-30'),
(3188, 1, 8, NULL, '2023-05-30'),
(3189, 1, 9, NULL, '2023-05-30'),
(3191, 1, 11, NULL, '2023-05-30'),
(3192, 1, 12, NULL, '2023-05-30'),
(3193, 2, 1, NULL, '2023-05-30'),
(3194, 2, 2, NULL, '2023-05-30'),
(3195, 2, 3, NULL, '2023-05-30'),
(3196, 2, 4, NULL, '2023-05-30'),
(3197, 2, 5, NULL, '2023-05-30'),
(3198, 2, 6, NULL, '2023-05-30'),
(3199, 2, 7, NULL, '2023-05-30'),
(3200, 2, 8, NULL, '2023-05-30'),
(3201, 2, 9, NULL, '2023-05-30'),
(3202, 2, 10, NULL, '2023-05-30'),
(3203, 2, 11, NULL, '2023-05-30'),
(3204, 2, 12, NULL, '2023-05-30'),
(3205, 3, 1, NULL, '2023-05-30'),
(3206, 3, 2, NULL, '2023-05-30'),
(3207, 3, 3, NULL, '2023-05-30'),
(3208, 3, 4, NULL, '2023-05-30'),
(3209, 3, 5, NULL, '2023-05-30'),
(3211, 3, 7, NULL, '2023-05-30'),
(3212, 3, 8, NULL, '2023-05-30'),
(3213, 3, 9, NULL, '2023-05-30'),
(3214, 3, 10, NULL, '2023-05-30'),
(3215, 3, 11, NULL, '2023-05-30'),
(3216, 3, 12, NULL, '2023-05-30'),
(3217, 4, 1, NULL, '2023-05-30'),
(3218, 4, 2, NULL, '2023-05-30'),
(3219, 4, 3, NULL, '2023-05-30'),
(3220, 4, 4, NULL, '2023-05-30'),
(3221, 4, 5, NULL, '2023-05-30'),
(3222, 4, 6, NULL, '2023-05-30'),
(3223, 4, 7, NULL, '2023-05-30'),
(3224, 4, 8, NULL, '2023-05-30'),
(3225, 4, 9, NULL, '2023-05-30'),
(3226, 4, 10, NULL, '2023-05-30'),
(3227, 4, 11, NULL, '2023-05-30'),
(3228, 4, 12, NULL, '2023-05-30'),
(3229, 5, 1, NULL, '2023-05-30'),
(3230, 5, 2, NULL, '2023-05-30'),
(3231, 5, 3, NULL, '2023-05-30'),
(3232, 5, 4, NULL, '2023-05-30'),
(3235, 5, 7, NULL, '2023-05-30'),
(3236, 5, 8, NULL, '2023-05-30'),
(3237, 5, 9, NULL, '2023-05-30'),
(3238, 5, 10, NULL, '2023-05-30'),
(3239, 5, 11, NULL, '2023-05-30'),
(3240, 5, 12, NULL, '2023-05-30'),
(3241, 1, 1, NULL, '2023-05-31'),
(3242, 1, 2, NULL, '2023-05-31'),
(3243, 1, 3, NULL, '2023-05-31'),
(3244, 1, 4, NULL, '2023-05-31'),
(3246, 1, 6, NULL, '2023-05-31'),
(3247, 1, 7, NULL, '2023-05-31'),
(3248, 1, 8, NULL, '2023-05-31'),
(3249, 1, 9, NULL, '2023-05-31'),
(3251, 1, 11, NULL, '2023-05-31'),
(3252, 1, 12, NULL, '2023-05-31'),
(3253, 2, 1, NULL, '2023-05-31'),
(3254, 2, 2, NULL, '2023-05-31'),
(3255, 2, 3, NULL, '2023-05-31'),
(3256, 2, 4, NULL, '2023-05-31'),
(3257, 2, 5, NULL, '2023-05-31'),
(3258, 2, 6, NULL, '2023-05-31'),
(3259, 2, 7, NULL, '2023-05-31'),
(3260, 2, 8, NULL, '2023-05-31'),
(3261, 2, 9, NULL, '2023-05-31'),
(3262, 2, 10, NULL, '2023-05-31'),
(3263, 2, 11, NULL, '2023-05-31'),
(3264, 2, 12, NULL, '2023-05-31'),
(3265, 3, 1, NULL, '2023-05-31'),
(3266, 3, 2, NULL, '2023-05-31'),
(3267, 3, 3, NULL, '2023-05-31'),
(3268, 3, 4, NULL, '2023-05-31'),
(3269, 3, 5, NULL, '2023-05-31'),
(3271, 3, 7, NULL, '2023-05-31'),
(3272, 3, 8, NULL, '2023-05-31'),
(3273, 3, 9, NULL, '2023-05-31'),
(3274, 3, 10, NULL, '2023-05-31'),
(3275, 3, 11, NULL, '2023-05-31'),
(3276, 3, 12, NULL, '2023-05-31'),
(3277, 4, 1, NULL, '2023-05-31'),
(3278, 4, 2, NULL, '2023-05-31'),
(3279, 4, 3, NULL, '2023-05-31'),
(3280, 4, 4, NULL, '2023-05-31'),
(3281, 4, 5, NULL, '2023-05-31'),
(3282, 4, 6, NULL, '2023-05-31'),
(3283, 4, 7, NULL, '2023-05-31'),
(3284, 4, 8, NULL, '2023-05-31'),
(3285, 4, 9, NULL, '2023-05-31'),
(3286, 4, 10, NULL, '2023-05-31'),
(3287, 4, 11, NULL, '2023-05-31'),
(3288, 4, 12, NULL, '2023-05-31'),
(3289, 5, 1, NULL, '2023-05-31'),
(3290, 5, 2, NULL, '2023-05-31'),
(3291, 5, 3, NULL, '2023-05-31'),
(3292, 5, 4, NULL, '2023-05-31'),
(3295, 5, 7, NULL, '2023-05-31'),
(3296, 5, 8, NULL, '2023-05-31'),
(3297, 5, 9, NULL, '2023-05-31'),
(3298, 5, 10, NULL, '2023-05-31'),
(3299, 5, 11, NULL, '2023-05-31'),
(3300, 5, 12, NULL, '2023-05-31'),
(3301, 1, 1, NULL, '2023-06-01'),
(3302, 1, 2, NULL, '2023-06-01'),
(3303, 1, 3, NULL, '2023-06-01'),
(3304, 1, 4, NULL, '2023-06-01'),
(3306, 1, 6, NULL, '2023-06-01'),
(3307, 1, 7, NULL, '2023-06-01'),
(3308, 1, 8, NULL, '2023-06-01'),
(3309, 1, 9, NULL, '2023-06-01'),
(3311, 1, 11, NULL, '2023-06-01'),
(3312, 1, 12, NULL, '2023-06-01'),
(3313, 2, 1, NULL, '2023-06-01'),
(3314, 2, 2, NULL, '2023-06-01'),
(3315, 2, 3, NULL, '2023-06-01'),
(3316, 2, 4, NULL, '2023-06-01'),
(3317, 2, 5, NULL, '2023-06-01'),
(3318, 2, 6, NULL, '2023-06-01'),
(3319, 2, 7, NULL, '2023-06-01'),
(3320, 2, 8, NULL, '2023-06-01'),
(3321, 2, 9, NULL, '2023-06-01'),
(3322, 2, 10, NULL, '2023-06-01'),
(3323, 2, 11, NULL, '2023-06-01'),
(3324, 2, 12, NULL, '2023-06-01'),
(3337, 4, 1, NULL, '2023-06-01'),
(3338, 4, 2, NULL, '2023-06-01'),
(3339, 4, 3, NULL, '2023-06-01'),
(3340, 4, 4, NULL, '2023-06-01'),
(3341, 4, 5, NULL, '2023-06-01'),
(3342, 4, 6, NULL, '2023-06-01'),
(3343, 4, 7, NULL, '2023-06-01'),
(3344, 4, 8, NULL, '2023-06-01'),
(3345, 4, 9, NULL, '2023-06-01'),
(3346, 4, 10, NULL, '2023-06-01'),
(3347, 4, 11, NULL, '2023-06-01'),
(3348, 4, 12, NULL, '2023-06-01'),
(3349, 5, 1, NULL, '2023-06-01'),
(3350, 5, 2, NULL, '2023-06-01'),
(3351, 5, 3, NULL, '2023-06-01'),
(3352, 5, 4, NULL, '2023-06-01'),
(3355, 5, 7, NULL, '2023-06-01'),
(3356, 5, 8, NULL, '2023-06-01'),
(3357, 5, 9, NULL, '2023-06-01'),
(3358, 5, 10, NULL, '2023-06-01'),
(3359, 5, 11, NULL, '2023-06-01'),
(3360, 5, 12, NULL, '2023-06-01'),
(3361, 1, 1, NULL, '2023-06-02'),
(3362, 1, 2, NULL, '2023-06-02'),
(3363, 1, 3, NULL, '2023-06-02'),
(3364, 1, 4, NULL, '2023-06-02'),
(3366, 1, 6, NULL, '2023-06-02'),
(3367, 1, 7, NULL, '2023-06-02'),
(3368, 1, 8, NULL, '2023-06-02'),
(3369, 1, 9, NULL, '2023-06-02'),
(3371, 1, 11, NULL, '2023-06-02'),
(3372, 1, 12, NULL, '2023-06-02'),
(3373, 2, 1, NULL, '2023-06-02'),
(3374, 2, 2, NULL, '2023-06-02'),
(3375, 2, 3, NULL, '2023-06-02'),
(3376, 2, 4, NULL, '2023-06-02'),
(3377, 2, 5, NULL, '2023-06-02'),
(3378, 2, 6, NULL, '2023-06-02'),
(3379, 2, 7, NULL, '2023-06-02'),
(3380, 2, 8, NULL, '2023-06-02'),
(3381, 2, 9, NULL, '2023-06-02'),
(3382, 2, 10, NULL, '2023-06-02'),
(3383, 2, 11, NULL, '2023-06-02'),
(3384, 2, 12, NULL, '2023-06-02'),
(3385, 3, 1, NULL, '2023-06-02'),
(3386, 3, 2, NULL, '2023-06-02'),
(3387, 3, 3, NULL, '2023-06-02'),
(3388, 3, 4, NULL, '2023-06-02'),
(3389, 3, 5, NULL, '2023-06-02'),
(3390, 3, 6, NULL, '2023-06-02'),
(3391, 3, 7, NULL, '2023-06-02'),
(3392, 3, 8, NULL, '2023-06-02'),
(3393, 3, 9, NULL, '2023-06-02'),
(3394, 3, 10, NULL, '2023-06-02'),
(3395, 3, 11, NULL, '2023-06-02'),
(3396, 3, 12, NULL, '2023-06-02'),
(3397, 4, 1, NULL, '2023-06-02'),
(3398, 4, 2, NULL, '2023-06-02'),
(3399, 4, 3, NULL, '2023-06-02'),
(3400, 4, 4, NULL, '2023-06-02'),
(3401, 4, 5, NULL, '2023-06-02'),
(3402, 4, 6, NULL, '2023-06-02'),
(3403, 4, 7, NULL, '2023-06-02'),
(3404, 4, 8, NULL, '2023-06-02'),
(3405, 4, 9, NULL, '2023-06-02'),
(3406, 4, 10, NULL, '2023-06-02'),
(3407, 4, 11, NULL, '2023-06-02'),
(3408, 4, 12, NULL, '2023-06-02'),
(3409, 5, 1, NULL, '2023-06-02'),
(3410, 5, 2, NULL, '2023-06-02'),
(3411, 5, 3, NULL, '2023-06-02'),
(3412, 5, 4, NULL, '2023-06-02'),
(3415, 5, 7, NULL, '2023-06-02'),
(3416, 5, 8, NULL, '2023-06-02'),
(3417, 5, 9, NULL, '2023-06-02'),
(3418, 5, 10, NULL, '2023-06-02'),
(3419, 5, 11, NULL, '2023-06-02'),
(3420, 5, 12, NULL, '2023-06-02'),
(3421, 1, 1, NULL, '2023-06-03'),
(3422, 1, 2, NULL, '2023-06-03'),
(3423, 1, 3, NULL, '2023-06-03'),
(3424, 1, 4, NULL, '2023-06-03'),
(3426, 1, 6, NULL, '2023-06-03'),
(3427, 1, 7, NULL, '2023-06-03'),
(3428, 1, 8, NULL, '2023-06-03'),
(3429, 1, 9, NULL, '2023-06-03'),
(3431, 1, 11, NULL, '2023-06-03'),
(3432, 1, 12, NULL, '2023-06-03'),
(3445, 3, 1, NULL, '2023-06-03'),
(3446, 3, 2, NULL, '2023-06-03'),
(3447, 3, 3, NULL, '2023-06-03'),
(3448, 3, 4, NULL, '2023-06-03'),
(3449, 3, 5, NULL, '2023-06-03'),
(3450, 3, 6, NULL, '2023-06-03'),
(3451, 3, 7, NULL, '2023-06-03'),
(3452, 3, 8, NULL, '2023-06-03'),
(3453, 3, 9, NULL, '2023-06-03'),
(3454, 3, 10, NULL, '2023-06-03'),
(3455, 3, 11, NULL, '2023-06-03'),
(3456, 3, 12, NULL, '2023-06-03'),
(3457, 4, 1, NULL, '2023-06-03'),
(3458, 4, 2, NULL, '2023-06-03'),
(3459, 4, 3, NULL, '2023-06-03'),
(3460, 4, 4, NULL, '2023-06-03'),
(3461, 4, 5, NULL, '2023-06-03'),
(3469, 5, 1, NULL, '2023-06-03'),
(3470, 5, 2, NULL, '2023-06-03'),
(3471, 5, 3, NULL, '2023-06-03'),
(3472, 5, 4, NULL, '2023-06-03'),
(3475, 5, 7, NULL, '2023-06-03'),
(3476, 5, 8, NULL, '2023-06-03'),
(3477, 5, 9, NULL, '2023-06-03'),
(3478, 5, 10, NULL, '2023-06-03'),
(3479, 5, 11, NULL, '2023-06-03'),
(3480, 5, 12, NULL, '2023-06-03'),
(3481, 1, 1, NULL, '2023-06-04'),
(3482, 1, 2, NULL, '2023-06-04'),
(3483, 1, 3, NULL, '2023-06-04'),
(3484, 1, 4, NULL, '2023-06-04'),
(3505, 3, 1, NULL, '2023-06-04'),
(3506, 3, 2, NULL, '2023-06-04'),
(3507, 3, 3, NULL, '2023-06-04'),
(3508, 3, 4, NULL, '2023-06-04'),
(3509, 3, 5, NULL, '2023-06-04'),
(3510, 3, 6, NULL, '2023-06-04'),
(3511, 3, 7, NULL, '2023-06-04'),
(3512, 3, 8, NULL, '2023-06-04'),
(3513, 3, 9, NULL, '2023-06-04'),
(3514, 3, 10, NULL, '2023-06-04'),
(3515, 3, 11, NULL, '2023-06-04'),
(3516, 3, 12, NULL, '2023-06-04'),
(3517, 4, 1, NULL, '2023-06-04'),
(3518, 4, 2, NULL, '2023-06-04'),
(3519, 4, 3, NULL, '2023-06-04'),
(3520, 4, 4, NULL, '2023-06-04'),
(3521, 4, 5, NULL, '2023-06-04'),
(3529, 5, 1, NULL, '2023-06-04'),
(3530, 5, 2, NULL, '2023-06-04'),
(3531, 5, 3, NULL, '2023-06-04'),
(3532, 5, 4, NULL, '2023-06-04'),
(3535, 5, 7, NULL, '2023-06-04'),
(3536, 5, 8, NULL, '2023-06-04'),
(3537, 5, 9, NULL, '2023-06-04'),
(3538, 5, 10, NULL, '2023-06-04'),
(3539, 5, 11, NULL, '2023-06-04'),
(3540, 5, 12, NULL, '2023-06-04'),
(3541, 1, 1, NULL, '2023-06-05'),
(3542, 1, 2, NULL, '2023-06-05'),
(3543, 1, 3, NULL, '2023-06-05'),
(3544, 1, 4, NULL, '2023-06-05'),
(3546, 1, 6, NULL, '2023-06-05'),
(3547, 1, 7, NULL, '2023-06-05'),
(3548, 1, 8, NULL, '2023-06-05'),
(3549, 1, 9, NULL, '2023-06-05'),
(3551, 1, 11, NULL, '2023-06-05'),
(3552, 1, 12, NULL, '2023-06-05'),
(3553, 2, 1, NULL, '2023-06-05'),
(3554, 2, 2, NULL, '2023-06-05'),
(3555, 2, 3, NULL, '2023-06-05'),
(3556, 2, 4, NULL, '2023-06-05'),
(3557, 2, 5, NULL, '2023-06-05'),
(3558, 2, 6, NULL, '2023-06-05'),
(3559, 2, 7, NULL, '2023-06-05'),
(3560, 2, 8, NULL, '2023-06-05'),
(3561, 2, 9, NULL, '2023-06-05'),
(3562, 2, 10, NULL, '2023-06-05'),
(3563, 2, 11, NULL, '2023-06-05'),
(3564, 2, 12, NULL, '2023-06-05'),
(3577, 4, 1, NULL, '2023-06-05'),
(3578, 4, 2, NULL, '2023-06-05'),
(3579, 4, 3, NULL, '2023-06-05'),
(3580, 4, 4, NULL, '2023-06-05'),
(3581, 4, 5, NULL, '2023-06-05'),
(3582, 4, 6, NULL, '2023-06-05'),
(3583, 4, 7, NULL, '2023-06-05'),
(3584, 4, 8, NULL, '2023-06-05'),
(3585, 4, 9, NULL, '2023-06-05'),
(3586, 4, 10, NULL, '2023-06-05'),
(3587, 4, 11, NULL, '2023-06-05'),
(3588, 4, 12, NULL, '2023-06-05'),
(3589, 5, 1, NULL, '2023-06-05'),
(3590, 5, 2, NULL, '2023-06-05'),
(3591, 5, 3, NULL, '2023-06-05'),
(3592, 5, 4, NULL, '2023-06-05'),
(3595, 5, 7, NULL, '2023-06-05'),
(3596, 5, 8, NULL, '2023-06-05'),
(3597, 5, 9, NULL, '2023-06-05'),
(3599, 5, 11, NULL, '2023-06-05'),
(3600, 5, 12, NULL, '2023-06-05'),
(3601, 1, 1, NULL, '2023-06-06'),
(3602, 1, 2, NULL, '2023-06-06'),
(3603, 1, 3, NULL, '2023-06-06'),
(3604, 1, 4, NULL, '2023-06-06'),
(3606, 1, 6, NULL, '2023-06-06'),
(3607, 1, 7, NULL, '2023-06-06'),
(3608, 1, 8, NULL, '2023-06-06'),
(3609, 1, 9, NULL, '2023-06-06'),
(3611, 1, 11, NULL, '2023-06-06'),
(3612, 1, 12, NULL, '2023-06-06'),
(3613, 2, 1, NULL, '2023-06-06'),
(3614, 2, 2, NULL, '2023-06-06'),
(3615, 2, 3, NULL, '2023-06-06'),
(3616, 2, 4, NULL, '2023-06-06'),
(3617, 2, 5, NULL, '2023-06-06'),
(3618, 2, 6, NULL, '2023-06-06'),
(3619, 2, 7, NULL, '2023-06-06'),
(3620, 2, 8, NULL, '2023-06-06'),
(3621, 2, 9, NULL, '2023-06-06'),
(3622, 2, 10, NULL, '2023-06-06'),
(3623, 2, 11, NULL, '2023-06-06'),
(3624, 2, 12, NULL, '2023-06-06'),
(3625, 3, 1, NULL, '2023-06-06'),
(3626, 3, 2, NULL, '2023-06-06'),
(3627, 3, 3, NULL, '2023-06-06'),
(3628, 3, 4, NULL, '2023-06-06'),
(3629, 3, 5, NULL, '2023-06-06'),
(3631, 3, 7, NULL, '2023-06-06'),
(3632, 3, 8, NULL, '2023-06-06'),
(3633, 3, 9, NULL, '2023-06-06'),
(3634, 3, 10, NULL, '2023-06-06'),
(3635, 3, 11, NULL, '2023-06-06'),
(3636, 3, 12, NULL, '2023-06-06'),
(3637, 4, 1, NULL, '2023-06-06'),
(3638, 4, 2, NULL, '2023-06-06'),
(3639, 4, 3, NULL, '2023-06-06'),
(3640, 4, 4, NULL, '2023-06-06'),
(3641, 4, 5, NULL, '2023-06-06'),
(3642, 4, 6, NULL, '2023-06-06'),
(3643, 4, 7, NULL, '2023-06-06'),
(3644, 4, 8, NULL, '2023-06-06'),
(3645, 4, 9, NULL, '2023-06-06'),
(3646, 4, 10, NULL, '2023-06-06'),
(3647, 4, 11, NULL, '2023-06-06'),
(3648, 4, 12, NULL, '2023-06-06'),
(3649, 5, 1, NULL, '2023-06-06'),
(3650, 5, 2, NULL, '2023-06-06'),
(3651, 5, 3, NULL, '2023-06-06'),
(3652, 5, 4, NULL, '2023-06-06'),
(3655, 5, 7, NULL, '2023-06-06'),
(3656, 5, 8, NULL, '2023-06-06'),
(3657, 5, 9, NULL, '2023-06-06'),
(3658, 5, 10, NULL, '2023-06-06'),
(3659, 5, 11, NULL, '2023-06-06'),
(3660, 5, 12, NULL, '2023-06-06'),
(3661, 1, 1, NULL, '2023-06-07'),
(3662, 1, 2, NULL, '2023-06-07'),
(3663, 1, 3, NULL, '2023-06-07'),
(3664, 1, 4, NULL, '2023-06-07'),
(3666, 1, 6, NULL, '2023-06-07'),
(3667, 1, 7, NULL, '2023-06-07'),
(3668, 1, 8, NULL, '2023-06-07'),
(3669, 1, 9, NULL, '2023-06-07'),
(3671, 1, 11, NULL, '2023-06-07'),
(3672, 1, 12, NULL, '2023-06-07'),
(3673, 2, 1, NULL, '2023-06-07'),
(3674, 2, 2, NULL, '2023-06-07'),
(3675, 2, 3, NULL, '2023-06-07'),
(3676, 2, 4, NULL, '2023-06-07'),
(3677, 2, 5, NULL, '2023-06-07'),
(3678, 2, 6, NULL, '2023-06-07'),
(3679, 2, 7, NULL, '2023-06-07'),
(3680, 2, 8, NULL, '2023-06-07'),
(3681, 2, 9, NULL, '2023-06-07'),
(3682, 2, 10, NULL, '2023-06-07'),
(3683, 2, 11, NULL, '2023-06-07'),
(3684, 2, 12, NULL, '2023-06-07'),
(3685, 3, 1, NULL, '2023-06-07'),
(3686, 3, 2, NULL, '2023-06-07'),
(3687, 3, 3, NULL, '2023-06-07'),
(3688, 3, 4, NULL, '2023-06-07'),
(3689, 3, 5, NULL, '2023-06-07'),
(3691, 3, 7, NULL, '2023-06-07'),
(3692, 3, 8, NULL, '2023-06-07'),
(3693, 3, 9, NULL, '2023-06-07'),
(3694, 3, 10, NULL, '2023-06-07'),
(3695, 3, 11, NULL, '2023-06-07'),
(3696, 3, 12, NULL, '2023-06-07'),
(3697, 4, 1, NULL, '2023-06-07'),
(3698, 4, 2, NULL, '2023-06-07'),
(3699, 4, 3, NULL, '2023-06-07'),
(3700, 4, 4, NULL, '2023-06-07'),
(3701, 4, 5, NULL, '2023-06-07'),
(3702, 4, 6, NULL, '2023-06-07'),
(3703, 4, 7, NULL, '2023-06-07'),
(3704, 4, 8, NULL, '2023-06-07'),
(3705, 4, 9, NULL, '2023-06-07'),
(3706, 4, 10, NULL, '2023-06-07'),
(3707, 4, 11, NULL, '2023-06-07'),
(3708, 4, 12, NULL, '2023-06-07'),
(3709, 5, 1, NULL, '2023-06-07'),
(3710, 5, 2, NULL, '2023-06-07'),
(3711, 5, 3, NULL, '2023-06-07'),
(3712, 5, 4, NULL, '2023-06-07'),
(3715, 5, 7, NULL, '2023-06-07'),
(3716, 5, 8, NULL, '2023-06-07'),
(3717, 5, 9, NULL, '2023-06-07'),
(3718, 5, 10, NULL, '2023-06-07'),
(3719, 5, 11, NULL, '2023-06-07'),
(3720, 5, 12, NULL, '2023-06-07'),
(3721, 1, 1, NULL, '2023-06-08'),
(3722, 1, 2, NULL, '2023-06-08'),
(3723, 1, 3, NULL, '2023-06-08'),
(3724, 1, 4, NULL, '2023-06-08'),
(3726, 1, 6, NULL, '2023-06-08'),
(3727, 1, 7, NULL, '2023-06-08'),
(3728, 1, 8, NULL, '2023-06-08'),
(3729, 1, 9, NULL, '2023-06-08'),
(3731, 1, 11, NULL, '2023-06-08'),
(3732, 1, 12, NULL, '2023-06-08'),
(3733, 2, 1, NULL, '2023-06-08'),
(3734, 2, 2, NULL, '2023-06-08'),
(3735, 2, 3, NULL, '2023-06-08'),
(3736, 2, 4, NULL, '2023-06-08'),
(3737, 2, 5, NULL, '2023-06-08'),
(3738, 2, 6, NULL, '2023-06-08'),
(3739, 2, 7, NULL, '2023-06-08'),
(3740, 2, 8, NULL, '2023-06-08'),
(3741, 2, 9, NULL, '2023-06-08'),
(3742, 2, 10, NULL, '2023-06-08'),
(3743, 2, 11, NULL, '2023-06-08'),
(3744, 2, 12, NULL, '2023-06-08'),
(3757, 4, 1, NULL, '2023-06-08'),
(3758, 4, 2, NULL, '2023-06-08'),
(3759, 4, 3, NULL, '2023-06-08'),
(3760, 4, 4, NULL, '2023-06-08'),
(3761, 4, 5, NULL, '2023-06-08'),
(3762, 4, 6, NULL, '2023-06-08'),
(3763, 4, 7, NULL, '2023-06-08'),
(3764, 4, 8, NULL, '2023-06-08'),
(3765, 4, 9, NULL, '2023-06-08'),
(3766, 4, 10, NULL, '2023-06-08'),
(3767, 4, 11, NULL, '2023-06-08'),
(3768, 4, 12, NULL, '2023-06-08'),
(3769, 5, 1, NULL, '2023-06-08'),
(3770, 5, 2, NULL, '2023-06-08'),
(3771, 5, 3, NULL, '2023-06-08'),
(3772, 5, 4, NULL, '2023-06-08'),
(3775, 5, 7, NULL, '2023-06-08'),
(3776, 5, 8, NULL, '2023-06-08'),
(3777, 5, 9, NULL, '2023-06-08'),
(3778, 5, 10, NULL, '2023-06-08'),
(3779, 5, 11, NULL, '2023-06-08'),
(3780, 5, 12, NULL, '2023-06-08'),
(3781, 1, 1, NULL, '2023-06-09'),
(3782, 1, 2, NULL, '2023-06-09'),
(3783, 1, 3, NULL, '2023-06-09'),
(3784, 1, 4, NULL, '2023-06-09'),
(3786, 1, 6, NULL, '2023-06-09'),
(3787, 1, 7, NULL, '2023-06-09'),
(3788, 1, 8, NULL, '2023-06-09'),
(3789, 1, 9, NULL, '2023-06-09'),
(3791, 1, 11, NULL, '2023-06-09'),
(3792, 1, 12, NULL, '2023-06-09'),
(3793, 2, 1, NULL, '2023-06-09'),
(3794, 2, 2, NULL, '2023-06-09'),
(3795, 2, 3, NULL, '2023-06-09'),
(3796, 2, 4, NULL, '2023-06-09'),
(3797, 2, 5, NULL, '2023-06-09'),
(3798, 2, 6, NULL, '2023-06-09'),
(3799, 2, 7, NULL, '2023-06-09'),
(3800, 2, 8, NULL, '2023-06-09'),
(3801, 2, 9, NULL, '2023-06-09'),
(3802, 2, 10, NULL, '2023-06-09'),
(3803, 2, 11, NULL, '2023-06-09'),
(3804, 2, 12, NULL, '2023-06-09'),
(3805, 3, 1, NULL, '2023-06-09'),
(3806, 3, 2, NULL, '2023-06-09'),
(3807, 3, 3, NULL, '2023-06-09'),
(3808, 3, 4, NULL, '2023-06-09'),
(3809, 3, 5, NULL, '2023-06-09'),
(3810, 3, 6, NULL, '2023-06-09'),
(3811, 3, 7, NULL, '2023-06-09'),
(3812, 3, 8, NULL, '2023-06-09'),
(3813, 3, 9, NULL, '2023-06-09'),
(3814, 3, 10, NULL, '2023-06-09'),
(3815, 3, 11, NULL, '2023-06-09'),
(3816, 3, 12, NULL, '2023-06-09'),
(3817, 4, 1, NULL, '2023-06-09'),
(3818, 4, 2, NULL, '2023-06-09'),
(3819, 4, 3, NULL, '2023-06-09'),
(3820, 4, 4, NULL, '2023-06-09'),
(3821, 4, 5, NULL, '2023-06-09'),
(3822, 4, 6, NULL, '2023-06-09'),
(3823, 4, 7, NULL, '2023-06-09'),
(3824, 4, 8, NULL, '2023-06-09'),
(3825, 4, 9, NULL, '2023-06-09'),
(3826, 4, 10, NULL, '2023-06-09'),
(3827, 4, 11, NULL, '2023-06-09'),
(3828, 4, 12, NULL, '2023-06-09'),
(3829, 5, 1, NULL, '2023-06-09'),
(3830, 5, 2, NULL, '2023-06-09'),
(3831, 5, 3, NULL, '2023-06-09'),
(3832, 5, 4, NULL, '2023-06-09'),
(3835, 5, 7, NULL, '2023-06-09'),
(3836, 5, 8, NULL, '2023-06-09'),
(3837, 5, 9, NULL, '2023-06-09'),
(3838, 5, 10, NULL, '2023-06-09'),
(3839, 5, 11, NULL, '2023-06-09'),
(3840, 5, 12, NULL, '2023-06-09'),
(3841, 1, 1, NULL, '2023-06-10'),
(3842, 1, 2, NULL, '2023-06-10'),
(3843, 1, 3, NULL, '2023-06-10'),
(3844, 1, 4, NULL, '2023-06-10'),
(3846, 1, 6, NULL, '2023-06-10'),
(3847, 1, 7, NULL, '2023-06-10'),
(3848, 1, 8, NULL, '2023-06-10'),
(3849, 1, 9, NULL, '2023-06-10'),
(3851, 1, 11, NULL, '2023-06-10'),
(3852, 1, 12, NULL, '2023-06-10'),
(3865, 3, 1, NULL, '2023-06-10'),
(3866, 3, 2, NULL, '2023-06-10'),
(3867, 3, 3, NULL, '2023-06-10'),
(3868, 3, 4, NULL, '2023-06-10'),
(3869, 3, 5, NULL, '2023-06-10'),
(3870, 3, 6, NULL, '2023-06-10'),
(3871, 3, 7, NULL, '2023-06-10'),
(3872, 3, 8, NULL, '2023-06-10'),
(3873, 3, 9, NULL, '2023-06-10'),
(3874, 3, 10, NULL, '2023-06-10'),
(3875, 3, 11, NULL, '2023-06-10'),
(3876, 3, 12, NULL, '2023-06-10'),
(3877, 4, 1, NULL, '2023-06-10'),
(3878, 4, 2, NULL, '2023-06-10'),
(3879, 4, 3, NULL, '2023-06-10'),
(3880, 4, 4, NULL, '2023-06-10'),
(3881, 4, 5, NULL, '2023-06-10'),
(3889, 5, 1, NULL, '2023-06-10'),
(3890, 5, 2, NULL, '2023-06-10'),
(3891, 5, 3, NULL, '2023-06-10'),
(3892, 5, 4, NULL, '2023-06-10'),
(3895, 5, 7, NULL, '2023-06-10'),
(3896, 5, 8, NULL, '2023-06-10'),
(3897, 5, 9, NULL, '2023-06-10'),
(3898, 5, 10, NULL, '2023-06-10'),
(3899, 5, 11, NULL, '2023-06-10'),
(3900, 5, 12, NULL, '2023-06-10'),
(3901, 1, 1, NULL, '2023-06-11'),
(3902, 1, 2, NULL, '2023-06-11'),
(3903, 1, 3, NULL, '2023-06-11'),
(3904, 1, 4, NULL, '2023-06-11'),
(3925, 3, 1, NULL, '2023-06-11'),
(3926, 3, 2, NULL, '2023-06-11'),
(3927, 3, 3, NULL, '2023-06-11'),
(3928, 3, 4, NULL, '2023-06-11'),
(3929, 3, 5, NULL, '2023-06-11'),
(3930, 3, 6, NULL, '2023-06-11'),
(3931, 3, 7, NULL, '2023-06-11'),
(3932, 3, 8, NULL, '2023-06-11'),
(3933, 3, 9, NULL, '2023-06-11'),
(3934, 3, 10, NULL, '2023-06-11'),
(3935, 3, 11, NULL, '2023-06-11'),
(3936, 3, 12, NULL, '2023-06-11'),
(3937, 4, 1, NULL, '2023-06-11'),
(3938, 4, 2, NULL, '2023-06-11'),
(3939, 4, 3, NULL, '2023-06-11'),
(3940, 4, 4, NULL, '2023-06-11'),
(3941, 4, 5, NULL, '2023-06-11'),
(3949, 5, 1, NULL, '2023-06-11'),
(3950, 5, 2, NULL, '2023-06-11'),
(3951, 5, 3, NULL, '2023-06-11'),
(3952, 5, 4, NULL, '2023-06-11'),
(3955, 5, 7, NULL, '2023-06-11'),
(3956, 5, 8, NULL, '2023-06-11'),
(3957, 5, 9, NULL, '2023-06-11'),
(3958, 5, 10, NULL, '2023-06-11'),
(3959, 5, 11, NULL, '2023-06-11'),
(3960, 5, 12, NULL, '2023-06-11'),
(3961, 1, 1, NULL, '2023-06-12'),
(3962, 1, 2, NULL, '2023-06-12'),
(3963, 1, 3, NULL, '2023-06-12'),
(3964, 1, 4, NULL, '2023-06-12'),
(3966, 1, 6, NULL, '2023-06-12'),
(3967, 1, 7, NULL, '2023-06-12'),
(3968, 1, 8, NULL, '2023-06-12'),
(3969, 1, 9, NULL, '2023-06-12'),
(3971, 1, 11, NULL, '2023-06-12'),
(3972, 1, 12, NULL, '2023-06-12'),
(3973, 2, 1, NULL, '2023-06-12'),
(3974, 2, 2, NULL, '2023-06-12'),
(3975, 2, 3, NULL, '2023-06-12'),
(3976, 2, 4, NULL, '2023-06-12'),
(3977, 2, 5, NULL, '2023-06-12'),
(3978, 2, 6, NULL, '2023-06-12'),
(3979, 2, 7, NULL, '2023-06-12'),
(3980, 2, 8, NULL, '2023-06-12'),
(3981, 2, 9, NULL, '2023-06-12'),
(3982, 2, 10, NULL, '2023-06-12'),
(3983, 2, 11, NULL, '2023-06-12'),
(3984, 2, 12, NULL, '2023-06-12'),
(3997, 4, 1, NULL, '2023-06-12'),
(3998, 4, 2, NULL, '2023-06-12'),
(3999, 4, 3, NULL, '2023-06-12'),
(4000, 4, 4, NULL, '2023-06-12'),
(4001, 4, 5, NULL, '2023-06-12'),
(4002, 4, 6, NULL, '2023-06-12'),
(4003, 4, 7, NULL, '2023-06-12'),
(4004, 4, 8, NULL, '2023-06-12'),
(4005, 4, 9, NULL, '2023-06-12'),
(4006, 4, 10, NULL, '2023-06-12'),
(4007, 4, 11, NULL, '2023-06-12'),
(4008, 4, 12, NULL, '2023-06-12'),
(4009, 5, 1, NULL, '2023-06-12'),
(4010, 5, 2, NULL, '2023-06-12'),
(4011, 5, 3, NULL, '2023-06-12'),
(4012, 5, 4, NULL, '2023-06-12'),
(4015, 5, 7, NULL, '2023-06-12'),
(4016, 5, 8, NULL, '2023-06-12'),
(4017, 5, 9, NULL, '2023-06-12'),
(4019, 5, 11, NULL, '2023-06-12'),
(4020, 5, 12, NULL, '2023-06-12'),
(4021, 1, 1, NULL, '2023-06-13'),
(4022, 1, 2, NULL, '2023-06-13'),
(4023, 1, 3, NULL, '2023-06-13'),
(4024, 1, 4, NULL, '2023-06-13'),
(4026, 1, 6, NULL, '2023-06-13'),
(4027, 1, 7, NULL, '2023-06-13'),
(4028, 1, 8, NULL, '2023-06-13'),
(4029, 1, 9, NULL, '2023-06-13'),
(4031, 1, 11, NULL, '2023-06-13'),
(4032, 1, 12, NULL, '2023-06-13'),
(4033, 2, 1, NULL, '2023-06-13'),
(4034, 2, 2, NULL, '2023-06-13'),
(4035, 2, 3, NULL, '2023-06-13'),
(4036, 2, 4, NULL, '2023-06-13'),
(4037, 2, 5, NULL, '2023-06-13'),
(4038, 2, 6, NULL, '2023-06-13'),
(4039, 2, 7, NULL, '2023-06-13'),
(4040, 2, 8, NULL, '2023-06-13'),
(4041, 2, 9, NULL, '2023-06-13'),
(4042, 2, 10, NULL, '2023-06-13'),
(4043, 2, 11, NULL, '2023-06-13'),
(4044, 2, 12, NULL, '2023-06-13'),
(4045, 3, 1, NULL, '2023-06-13'),
(4046, 3, 2, NULL, '2023-06-13'),
(4047, 3, 3, NULL, '2023-06-13'),
(4048, 3, 4, NULL, '2023-06-13'),
(4049, 3, 5, NULL, '2023-06-13'),
(4051, 3, 7, NULL, '2023-06-13'),
(4052, 3, 8, NULL, '2023-06-13'),
(4053, 3, 9, NULL, '2023-06-13'),
(4054, 3, 10, NULL, '2023-06-13'),
(4055, 3, 11, NULL, '2023-06-13'),
(4056, 3, 12, NULL, '2023-06-13'),
(4057, 4, 1, NULL, '2023-06-13'),
(4058, 4, 2, NULL, '2023-06-13'),
(4059, 4, 3, NULL, '2023-06-13'),
(4060, 4, 4, NULL, '2023-06-13'),
(4061, 4, 5, NULL, '2023-06-13'),
(4062, 4, 6, NULL, '2023-06-13'),
(4063, 4, 7, NULL, '2023-06-13'),
(4064, 4, 8, NULL, '2023-06-13'),
(4065, 4, 9, NULL, '2023-06-13'),
(4066, 4, 10, NULL, '2023-06-13'),
(4067, 4, 11, NULL, '2023-06-13'),
(4068, 4, 12, NULL, '2023-06-13'),
(4069, 5, 1, NULL, '2023-06-13'),
(4070, 5, 2, NULL, '2023-06-13'),
(4071, 5, 3, NULL, '2023-06-13'),
(4072, 5, 4, NULL, '2023-06-13'),
(4075, 5, 7, NULL, '2023-06-13'),
(4076, 5, 8, NULL, '2023-06-13'),
(4077, 5, 9, NULL, '2023-06-13'),
(4078, 5, 10, NULL, '2023-06-13'),
(4079, 5, 11, NULL, '2023-06-13'),
(4080, 5, 12, NULL, '2023-06-13'),
(4081, 1, 1, NULL, '2023-06-14'),
(4082, 1, 2, NULL, '2023-06-14'),
(4083, 1, 3, NULL, '2023-06-14'),
(4084, 1, 4, NULL, '2023-06-14'),
(4086, 1, 6, NULL, '2023-06-14'),
(4087, 1, 7, NULL, '2023-06-14'),
(4088, 1, 8, NULL, '2023-06-14'),
(4089, 1, 9, NULL, '2023-06-14'),
(4091, 1, 11, NULL, '2023-06-14'),
(4092, 1, 12, NULL, '2023-06-14'),
(4093, 2, 1, NULL, '2023-06-14'),
(4094, 2, 2, NULL, '2023-06-14'),
(4095, 2, 3, NULL, '2023-06-14'),
(4096, 2, 4, NULL, '2023-06-14'),
(4097, 2, 5, NULL, '2023-06-14'),
(4098, 2, 6, NULL, '2023-06-14'),
(4099, 2, 7, NULL, '2023-06-14'),
(4100, 2, 8, NULL, '2023-06-14'),
(4101, 2, 9, NULL, '2023-06-14'),
(4102, 2, 10, NULL, '2023-06-14'),
(4103, 2, 11, NULL, '2023-06-14'),
(4104, 2, 12, NULL, '2023-06-14'),
(4105, 3, 1, NULL, '2023-06-14'),
(4106, 3, 2, NULL, '2023-06-14'),
(4107, 3, 3, NULL, '2023-06-14'),
(4108, 3, 4, NULL, '2023-06-14'),
(4109, 3, 5, NULL, '2023-06-14'),
(4111, 3, 7, NULL, '2023-06-14'),
(4112, 3, 8, NULL, '2023-06-14'),
(4113, 3, 9, NULL, '2023-06-14'),
(4114, 3, 10, NULL, '2023-06-14'),
(4115, 3, 11, NULL, '2023-06-14'),
(4116, 3, 12, NULL, '2023-06-14'),
(4117, 4, 1, NULL, '2023-06-14'),
(4118, 4, 2, NULL, '2023-06-14'),
(4119, 4, 3, NULL, '2023-06-14'),
(4120, 4, 4, NULL, '2023-06-14'),
(4121, 4, 5, NULL, '2023-06-14'),
(4122, 4, 6, NULL, '2023-06-14'),
(4123, 4, 7, NULL, '2023-06-14'),
(4124, 4, 8, NULL, '2023-06-14'),
(4125, 4, 9, NULL, '2023-06-14'),
(4126, 4, 10, NULL, '2023-06-14'),
(4127, 4, 11, NULL, '2023-06-14'),
(4128, 4, 12, NULL, '2023-06-14'),
(4129, 5, 1, NULL, '2023-06-14'),
(4130, 5, 2, NULL, '2023-06-14'),
(4131, 5, 3, NULL, '2023-06-14'),
(4132, 5, 4, NULL, '2023-06-14'),
(4135, 5, 7, NULL, '2023-06-14'),
(4136, 5, 8, NULL, '2023-06-14'),
(4137, 5, 9, NULL, '2023-06-14'),
(4138, 5, 10, NULL, '2023-06-14'),
(4139, 5, 11, NULL, '2023-06-14'),
(4140, 5, 12, NULL, '2023-06-14'),
(4141, 1, 1, NULL, '2023-06-15'),
(4142, 1, 2, NULL, '2023-06-15'),
(4143, 1, 3, NULL, '2023-06-15'),
(4144, 1, 4, NULL, '2023-06-15'),
(4146, 1, 6, NULL, '2023-06-15'),
(4147, 1, 7, NULL, '2023-06-15'),
(4148, 1, 8, NULL, '2023-06-15'),
(4149, 1, 9, NULL, '2023-06-15'),
(4151, 1, 11, NULL, '2023-06-15'),
(4152, 1, 12, NULL, '2023-06-15'),
(4153, 2, 1, NULL, '2023-06-15'),
(4154, 2, 2, NULL, '2023-06-15'),
(4155, 2, 3, NULL, '2023-06-15');
INSERT INTO `venue_timeslot` (`id`, `venueId`, `timeslotId`, `bookingId`, `date`) VALUES
(4156, 2, 4, NULL, '2023-06-15'),
(4157, 2, 5, NULL, '2023-06-15'),
(4158, 2, 6, NULL, '2023-06-15'),
(4159, 2, 7, NULL, '2023-06-15'),
(4160, 2, 8, NULL, '2023-06-15'),
(4161, 2, 9, NULL, '2023-06-15'),
(4162, 2, 10, NULL, '2023-06-15'),
(4163, 2, 11, NULL, '2023-06-15'),
(4164, 2, 12, NULL, '2023-06-15'),
(4177, 4, 1, NULL, '2023-06-15'),
(4178, 4, 2, NULL, '2023-06-15'),
(4179, 4, 3, NULL, '2023-06-15'),
(4180, 4, 4, NULL, '2023-06-15'),
(4181, 4, 5, NULL, '2023-06-15'),
(4182, 4, 6, NULL, '2023-06-15'),
(4183, 4, 7, NULL, '2023-06-15'),
(4184, 4, 8, NULL, '2023-06-15'),
(4185, 4, 9, NULL, '2023-06-15'),
(4186, 4, 10, NULL, '2023-06-15'),
(4187, 4, 11, NULL, '2023-06-15'),
(4188, 4, 12, NULL, '2023-06-15'),
(4189, 5, 1, NULL, '2023-06-15'),
(4190, 5, 2, NULL, '2023-06-15'),
(4191, 5, 3, NULL, '2023-06-15'),
(4192, 5, 4, NULL, '2023-06-15'),
(4195, 5, 7, NULL, '2023-06-15'),
(4196, 5, 8, NULL, '2023-06-15'),
(4197, 5, 9, NULL, '2023-06-15'),
(4198, 5, 10, NULL, '2023-06-15'),
(4199, 5, 11, NULL, '2023-06-15'),
(4200, 5, 12, NULL, '2023-06-15'),
(4201, 1, 1, NULL, '2023-06-16'),
(4202, 1, 2, NULL, '2023-06-16'),
(4203, 1, 3, NULL, '2023-06-16'),
(4204, 1, 4, NULL, '2023-06-16'),
(4206, 1, 6, NULL, '2023-06-16'),
(4207, 1, 7, NULL, '2023-06-16'),
(4208, 1, 8, NULL, '2023-06-16'),
(4209, 1, 9, NULL, '2023-06-16'),
(4211, 1, 11, NULL, '2023-06-16'),
(4212, 1, 12, NULL, '2023-06-16'),
(4213, 2, 1, NULL, '2023-06-16'),
(4214, 2, 2, NULL, '2023-06-16'),
(4215, 2, 3, NULL, '2023-06-16'),
(4216, 2, 4, NULL, '2023-06-16'),
(4217, 2, 5, NULL, '2023-06-16'),
(4218, 2, 6, NULL, '2023-06-16'),
(4219, 2, 7, NULL, '2023-06-16'),
(4220, 2, 8, NULL, '2023-06-16'),
(4221, 2, 9, NULL, '2023-06-16'),
(4222, 2, 10, NULL, '2023-06-16'),
(4223, 2, 11, NULL, '2023-06-16'),
(4224, 2, 12, NULL, '2023-06-16'),
(4225, 3, 1, NULL, '2023-06-16'),
(4226, 3, 2, NULL, '2023-06-16'),
(4227, 3, 3, NULL, '2023-06-16'),
(4228, 3, 4, NULL, '2023-06-16'),
(4229, 3, 5, NULL, '2023-06-16'),
(4230, 3, 6, NULL, '2023-06-16'),
(4231, 3, 7, NULL, '2023-06-16'),
(4232, 3, 8, NULL, '2023-06-16'),
(4233, 3, 9, NULL, '2023-06-16'),
(4234, 3, 10, NULL, '2023-06-16'),
(4235, 3, 11, NULL, '2023-06-16'),
(4236, 3, 12, NULL, '2023-06-16'),
(4237, 4, 1, NULL, '2023-06-16'),
(4238, 4, 2, NULL, '2023-06-16'),
(4239, 4, 3, NULL, '2023-06-16'),
(4240, 4, 4, NULL, '2023-06-16'),
(4241, 4, 5, NULL, '2023-06-16'),
(4242, 4, 6, NULL, '2023-06-16'),
(4243, 4, 7, NULL, '2023-06-16'),
(4244, 4, 8, NULL, '2023-06-16'),
(4245, 4, 9, NULL, '2023-06-16'),
(4246, 4, 10, NULL, '2023-06-16'),
(4247, 4, 11, NULL, '2023-06-16'),
(4248, 4, 12, NULL, '2023-06-16'),
(4249, 5, 1, NULL, '2023-06-16'),
(4250, 5, 2, NULL, '2023-06-16'),
(4251, 5, 3, NULL, '2023-06-16'),
(4252, 5, 4, NULL, '2023-06-16'),
(4255, 5, 7, NULL, '2023-06-16'),
(4256, 5, 8, NULL, '2023-06-16'),
(4257, 5, 9, NULL, '2023-06-16'),
(4258, 5, 10, NULL, '2023-06-16'),
(4259, 5, 11, NULL, '2023-06-16'),
(4260, 5, 12, NULL, '2023-06-16'),
(4261, 1, 1, NULL, '2023-06-17'),
(4262, 1, 2, NULL, '2023-06-17'),
(4263, 1, 3, NULL, '2023-06-17'),
(4264, 1, 4, NULL, '2023-06-17'),
(4266, 1, 6, NULL, '2023-06-17'),
(4267, 1, 7, NULL, '2023-06-17'),
(4268, 1, 8, NULL, '2023-06-17'),
(4269, 1, 9, NULL, '2023-06-17'),
(4271, 1, 11, NULL, '2023-06-17'),
(4272, 1, 12, NULL, '2023-06-17'),
(4285, 3, 1, NULL, '2023-06-17'),
(4286, 3, 2, NULL, '2023-06-17'),
(4287, 3, 3, NULL, '2023-06-17'),
(4288, 3, 4, NULL, '2023-06-17'),
(4289, 3, 5, NULL, '2023-06-17'),
(4290, 3, 6, NULL, '2023-06-17'),
(4291, 3, 7, NULL, '2023-06-17'),
(4292, 3, 8, NULL, '2023-06-17'),
(4293, 3, 9, NULL, '2023-06-17'),
(4294, 3, 10, NULL, '2023-06-17'),
(4295, 3, 11, NULL, '2023-06-17'),
(4296, 3, 12, NULL, '2023-06-17'),
(4297, 4, 1, NULL, '2023-06-17'),
(4298, 4, 2, NULL, '2023-06-17'),
(4299, 4, 3, NULL, '2023-06-17'),
(4300, 4, 4, NULL, '2023-06-17'),
(4301, 4, 5, NULL, '2023-06-17'),
(4309, 5, 1, NULL, '2023-06-17'),
(4310, 5, 2, NULL, '2023-06-17'),
(4311, 5, 3, NULL, '2023-06-17'),
(4312, 5, 4, NULL, '2023-06-17'),
(4315, 5, 7, NULL, '2023-06-17'),
(4316, 5, 8, NULL, '2023-06-17'),
(4317, 5, 9, NULL, '2023-06-17'),
(4318, 5, 10, NULL, '2023-06-17'),
(4319, 5, 11, NULL, '2023-06-17'),
(4320, 5, 12, NULL, '2023-06-17'),
(4321, 1, 1, NULL, '2023-06-18'),
(4322, 1, 2, NULL, '2023-06-18'),
(4323, 1, 3, NULL, '2023-06-18'),
(4324, 1, 4, NULL, '2023-06-18'),
(4345, 3, 1, NULL, '2023-06-18'),
(4346, 3, 2, NULL, '2023-06-18'),
(4347, 3, 3, NULL, '2023-06-18'),
(4348, 3, 4, NULL, '2023-06-18'),
(4349, 3, 5, NULL, '2023-06-18'),
(4350, 3, 6, NULL, '2023-06-18'),
(4351, 3, 7, NULL, '2023-06-18'),
(4352, 3, 8, NULL, '2023-06-18'),
(4353, 3, 9, NULL, '2023-06-18'),
(4354, 3, 10, NULL, '2023-06-18'),
(4355, 3, 11, NULL, '2023-06-18'),
(4356, 3, 12, NULL, '2023-06-18'),
(4357, 4, 1, NULL, '2023-06-18'),
(4358, 4, 2, NULL, '2023-06-18'),
(4359, 4, 3, NULL, '2023-06-18'),
(4360, 4, 4, NULL, '2023-06-18'),
(4361, 4, 5, NULL, '2023-06-18'),
(4369, 5, 1, NULL, '2023-06-18'),
(4370, 5, 2, NULL, '2023-06-18'),
(4371, 5, 3, NULL, '2023-06-18'),
(4372, 5, 4, NULL, '2023-06-18'),
(4375, 5, 7, NULL, '2023-06-18'),
(4376, 5, 8, NULL, '2023-06-18'),
(4377, 5, 9, NULL, '2023-06-18'),
(4378, 5, 10, NULL, '2023-06-18'),
(4379, 5, 11, NULL, '2023-06-18'),
(4380, 5, 12, NULL, '2023-06-18'),
(4381, 1, 1, NULL, '2023-06-19'),
(4382, 1, 2, NULL, '2023-06-19'),
(4383, 1, 3, NULL, '2023-06-19'),
(4384, 1, 4, NULL, '2023-06-19'),
(4386, 1, 6, NULL, '2023-06-19'),
(4387, 1, 7, NULL, '2023-06-19'),
(4388, 1, 8, NULL, '2023-06-19'),
(4389, 1, 9, NULL, '2023-06-19'),
(4391, 1, 11, NULL, '2023-06-19'),
(4392, 1, 12, NULL, '2023-06-19'),
(4393, 2, 1, NULL, '2023-06-19'),
(4394, 2, 2, NULL, '2023-06-19'),
(4395, 2, 3, NULL, '2023-06-19'),
(4396, 2, 4, NULL, '2023-06-19'),
(4397, 2, 5, NULL, '2023-06-19'),
(4398, 2, 6, NULL, '2023-06-19'),
(4399, 2, 7, NULL, '2023-06-19'),
(4400, 2, 8, NULL, '2023-06-19'),
(4401, 2, 9, NULL, '2023-06-19'),
(4402, 2, 10, NULL, '2023-06-19'),
(4403, 2, 11, NULL, '2023-06-19'),
(4404, 2, 12, NULL, '2023-06-19'),
(4417, 4, 1, NULL, '2023-06-19'),
(4418, 4, 2, NULL, '2023-06-19'),
(4419, 4, 3, NULL, '2023-06-19'),
(4420, 4, 4, NULL, '2023-06-19'),
(4421, 4, 5, NULL, '2023-06-19'),
(4422, 4, 6, NULL, '2023-06-19'),
(4423, 4, 7, NULL, '2023-06-19'),
(4424, 4, 8, NULL, '2023-06-19'),
(4425, 4, 9, NULL, '2023-06-19'),
(4426, 4, 10, NULL, '2023-06-19'),
(4427, 4, 11, NULL, '2023-06-19'),
(4428, 4, 12, NULL, '2023-06-19'),
(4429, 5, 1, NULL, '2023-06-19'),
(4430, 5, 2, NULL, '2023-06-19'),
(4431, 5, 3, NULL, '2023-06-19'),
(4432, 5, 4, NULL, '2023-06-19'),
(4435, 5, 7, NULL, '2023-06-19'),
(4436, 5, 8, NULL, '2023-06-19'),
(4437, 5, 9, NULL, '2023-06-19'),
(4439, 5, 11, NULL, '2023-06-19'),
(4440, 5, 12, NULL, '2023-06-19'),
(4441, 1, 1, NULL, '2023-06-20'),
(4442, 1, 2, NULL, '2023-06-20'),
(4443, 1, 3, NULL, '2023-06-20'),
(4444, 1, 4, NULL, '2023-06-20'),
(4446, 1, 6, NULL, '2023-06-20'),
(4447, 1, 7, NULL, '2023-06-20'),
(4448, 1, 8, NULL, '2023-06-20'),
(4449, 1, 9, NULL, '2023-06-20'),
(4451, 1, 11, NULL, '2023-06-20'),
(4452, 1, 12, NULL, '2023-06-20'),
(4453, 2, 1, NULL, '2023-06-20'),
(4454, 2, 2, NULL, '2023-06-20'),
(4455, 2, 3, NULL, '2023-06-20'),
(4456, 2, 4, NULL, '2023-06-20'),
(4457, 2, 5, NULL, '2023-06-20'),
(4458, 2, 6, NULL, '2023-06-20'),
(4459, 2, 7, NULL, '2023-06-20'),
(4460, 2, 8, NULL, '2023-06-20'),
(4461, 2, 9, NULL, '2023-06-20'),
(4462, 2, 10, NULL, '2023-06-20'),
(4463, 2, 11, NULL, '2023-06-20'),
(4464, 2, 12, NULL, '2023-06-20'),
(4465, 3, 1, NULL, '2023-06-20'),
(4466, 3, 2, NULL, '2023-06-20'),
(4467, 3, 3, NULL, '2023-06-20'),
(4468, 3, 4, NULL, '2023-06-20'),
(4469, 3, 5, NULL, '2023-06-20'),
(4471, 3, 7, NULL, '2023-06-20'),
(4472, 3, 8, NULL, '2023-06-20'),
(4473, 3, 9, NULL, '2023-06-20'),
(4474, 3, 10, NULL, '2023-06-20'),
(4475, 3, 11, NULL, '2023-06-20'),
(4476, 3, 12, NULL, '2023-06-20'),
(4477, 4, 1, NULL, '2023-06-20'),
(4478, 4, 2, NULL, '2023-06-20'),
(4479, 4, 3, NULL, '2023-06-20'),
(4480, 4, 4, NULL, '2023-06-20'),
(4481, 4, 5, NULL, '2023-06-20'),
(4482, 4, 6, NULL, '2023-06-20'),
(4483, 4, 7, NULL, '2023-06-20'),
(4484, 4, 8, NULL, '2023-06-20'),
(4485, 4, 9, NULL, '2023-06-20'),
(4486, 4, 10, NULL, '2023-06-20'),
(4487, 4, 11, NULL, '2023-06-20'),
(4488, 4, 12, NULL, '2023-06-20'),
(4489, 5, 1, NULL, '2023-06-20'),
(4490, 5, 2, NULL, '2023-06-20'),
(4491, 5, 3, NULL, '2023-06-20'),
(4492, 5, 4, NULL, '2023-06-20'),
(4495, 5, 7, NULL, '2023-06-20'),
(4496, 5, 8, NULL, '2023-06-20'),
(4497, 5, 9, NULL, '2023-06-20'),
(4498, 5, 10, NULL, '2023-06-20'),
(4499, 5, 11, NULL, '2023-06-20'),
(4500, 5, 12, NULL, '2023-06-20'),
(4501, 1, 1, NULL, '2023-06-21'),
(4502, 1, 2, NULL, '2023-06-21'),
(4503, 1, 3, NULL, '2023-06-21'),
(4504, 1, 4, NULL, '2023-06-21'),
(4506, 1, 6, NULL, '2023-06-21'),
(4507, 1, 7, NULL, '2023-06-21'),
(4508, 1, 8, NULL, '2023-06-21'),
(4509, 1, 9, NULL, '2023-06-21'),
(4511, 1, 11, NULL, '2023-06-21'),
(4512, 1, 12, NULL, '2023-06-21'),
(4513, 2, 1, NULL, '2023-06-21'),
(4514, 2, 2, NULL, '2023-06-21'),
(4515, 2, 3, NULL, '2023-06-21'),
(4516, 2, 4, NULL, '2023-06-21'),
(4517, 2, 5, NULL, '2023-06-21'),
(4518, 2, 6, NULL, '2023-06-21'),
(4519, 2, 7, NULL, '2023-06-21'),
(4520, 2, 8, NULL, '2023-06-21'),
(4521, 2, 9, NULL, '2023-06-21'),
(4522, 2, 10, NULL, '2023-06-21'),
(4523, 2, 11, NULL, '2023-06-21'),
(4524, 2, 12, NULL, '2023-06-21'),
(4525, 3, 1, NULL, '2023-06-21'),
(4526, 3, 2, NULL, '2023-06-21'),
(4527, 3, 3, NULL, '2023-06-21'),
(4528, 3, 4, NULL, '2023-06-21'),
(4529, 3, 5, NULL, '2023-06-21'),
(4531, 3, 7, NULL, '2023-06-21'),
(4532, 3, 8, NULL, '2023-06-21'),
(4533, 3, 9, NULL, '2023-06-21'),
(4534, 3, 10, NULL, '2023-06-21'),
(4535, 3, 11, NULL, '2023-06-21'),
(4536, 3, 12, NULL, '2023-06-21'),
(4537, 4, 1, NULL, '2023-06-21'),
(4538, 4, 2, NULL, '2023-06-21'),
(4539, 4, 3, NULL, '2023-06-21'),
(4540, 4, 4, NULL, '2023-06-21'),
(4541, 4, 5, NULL, '2023-06-21'),
(4542, 4, 6, NULL, '2023-06-21'),
(4543, 4, 7, NULL, '2023-06-21'),
(4544, 4, 8, NULL, '2023-06-21'),
(4545, 4, 9, NULL, '2023-06-21'),
(4546, 4, 10, NULL, '2023-06-21'),
(4547, 4, 11, NULL, '2023-06-21'),
(4548, 4, 12, NULL, '2023-06-21'),
(4549, 5, 1, NULL, '2023-06-21'),
(4550, 5, 2, NULL, '2023-06-21'),
(4551, 5, 3, NULL, '2023-06-21'),
(4552, 5, 4, NULL, '2023-06-21'),
(4555, 5, 7, NULL, '2023-06-21'),
(4556, 5, 8, NULL, '2023-06-21'),
(4557, 5, 9, NULL, '2023-06-21'),
(4558, 5, 10, NULL, '2023-06-21'),
(4559, 5, 11, NULL, '2023-06-21'),
(4560, 5, 12, NULL, '2023-06-21'),
(4561, 1, 1, NULL, '2023-06-22'),
(4562, 1, 2, NULL, '2023-06-22'),
(4563, 1, 3, NULL, '2023-06-22'),
(4564, 1, 4, NULL, '2023-06-22'),
(4566, 1, 6, NULL, '2023-06-22'),
(4567, 1, 7, NULL, '2023-06-22'),
(4568, 1, 8, NULL, '2023-06-22'),
(4569, 1, 9, NULL, '2023-06-22'),
(4571, 1, 11, NULL, '2023-06-22'),
(4572, 1, 12, NULL, '2023-06-22'),
(4573, 2, 1, NULL, '2023-06-22'),
(4574, 2, 2, NULL, '2023-06-22'),
(4575, 2, 3, NULL, '2023-06-22'),
(4576, 2, 4, NULL, '2023-06-22'),
(4577, 2, 5, NULL, '2023-06-22'),
(4578, 2, 6, NULL, '2023-06-22'),
(4579, 2, 7, NULL, '2023-06-22'),
(4580, 2, 8, NULL, '2023-06-22'),
(4581, 2, 9, NULL, '2023-06-22'),
(4582, 2, 10, NULL, '2023-06-22'),
(4583, 2, 11, NULL, '2023-06-22'),
(4584, 2, 12, NULL, '2023-06-22'),
(4597, 4, 1, NULL, '2023-06-22'),
(4598, 4, 2, NULL, '2023-06-22'),
(4599, 4, 3, NULL, '2023-06-22'),
(4600, 4, 4, NULL, '2023-06-22'),
(4601, 4, 5, NULL, '2023-06-22'),
(4602, 4, 6, NULL, '2023-06-22'),
(4603, 4, 7, NULL, '2023-06-22'),
(4604, 4, 8, NULL, '2023-06-22'),
(4605, 4, 9, NULL, '2023-06-22'),
(4606, 4, 10, NULL, '2023-06-22'),
(4607, 4, 11, NULL, '2023-06-22'),
(4608, 4, 12, NULL, '2023-06-22'),
(4609, 5, 1, NULL, '2023-06-22'),
(4610, 5, 2, NULL, '2023-06-22'),
(4611, 5, 3, NULL, '2023-06-22'),
(4612, 5, 4, NULL, '2023-06-22'),
(4615, 5, 7, NULL, '2023-06-22'),
(4616, 5, 8, NULL, '2023-06-22'),
(4617, 5, 9, NULL, '2023-06-22'),
(4618, 5, 10, NULL, '2023-06-22'),
(4619, 5, 11, NULL, '2023-06-22'),
(4620, 5, 12, NULL, '2023-06-22'),
(4621, 1, 1, NULL, '2023-06-23'),
(4622, 1, 2, NULL, '2023-06-23'),
(4623, 1, 3, NULL, '2023-06-23'),
(4624, 1, 4, NULL, '2023-06-23'),
(4626, 1, 6, NULL, '2023-06-23'),
(4627, 1, 7, NULL, '2023-06-23'),
(4628, 1, 8, NULL, '2023-06-23'),
(4629, 1, 9, NULL, '2023-06-23'),
(4631, 1, 11, NULL, '2023-06-23'),
(4632, 1, 12, NULL, '2023-06-23'),
(4633, 2, 1, NULL, '2023-06-23'),
(4634, 2, 2, NULL, '2023-06-23'),
(4635, 2, 3, NULL, '2023-06-23'),
(4636, 2, 4, NULL, '2023-06-23'),
(4637, 2, 5, NULL, '2023-06-23'),
(4638, 2, 6, NULL, '2023-06-23'),
(4639, 2, 7, NULL, '2023-06-23'),
(4640, 2, 8, NULL, '2023-06-23'),
(4641, 2, 9, NULL, '2023-06-23'),
(4642, 2, 10, NULL, '2023-06-23'),
(4643, 2, 11, NULL, '2023-06-23'),
(4644, 2, 12, NULL, '2023-06-23'),
(4645, 3, 1, NULL, '2023-06-23'),
(4646, 3, 2, NULL, '2023-06-23'),
(4647, 3, 3, NULL, '2023-06-23'),
(4648, 3, 4, NULL, '2023-06-23'),
(4649, 3, 5, NULL, '2023-06-23'),
(4650, 3, 6, NULL, '2023-06-23'),
(4651, 3, 7, NULL, '2023-06-23'),
(4652, 3, 8, NULL, '2023-06-23'),
(4653, 3, 9, NULL, '2023-06-23'),
(4654, 3, 10, NULL, '2023-06-23'),
(4655, 3, 11, NULL, '2023-06-23'),
(4656, 3, 12, NULL, '2023-06-23'),
(4657, 4, 1, NULL, '2023-06-23'),
(4658, 4, 2, NULL, '2023-06-23'),
(4659, 4, 3, NULL, '2023-06-23'),
(4660, 4, 4, NULL, '2023-06-23'),
(4661, 4, 5, NULL, '2023-06-23'),
(4662, 4, 6, NULL, '2023-06-23'),
(4663, 4, 7, NULL, '2023-06-23'),
(4664, 4, 8, NULL, '2023-06-23'),
(4665, 4, 9, NULL, '2023-06-23'),
(4666, 4, 10, NULL, '2023-06-23'),
(4667, 4, 11, NULL, '2023-06-23'),
(4668, 4, 12, NULL, '2023-06-23'),
(4669, 5, 1, NULL, '2023-06-23'),
(4670, 5, 2, NULL, '2023-06-23'),
(4671, 5, 3, NULL, '2023-06-23'),
(4672, 5, 4, NULL, '2023-06-23'),
(4675, 5, 7, NULL, '2023-06-23'),
(4676, 5, 8, NULL, '2023-06-23'),
(4677, 5, 9, NULL, '2023-06-23'),
(4678, 5, 10, NULL, '2023-06-23'),
(4679, 5, 11, NULL, '2023-06-23'),
(4680, 5, 12, NULL, '2023-06-23'),
(4681, 1, 1, NULL, '2023-06-24'),
(4682, 1, 2, NULL, '2023-06-24'),
(4683, 1, 3, NULL, '2023-06-24'),
(4684, 1, 4, NULL, '2023-06-24'),
(4686, 1, 6, NULL, '2023-06-24'),
(4687, 1, 7, NULL, '2023-06-24'),
(4688, 1, 8, NULL, '2023-06-24'),
(4689, 1, 9, NULL, '2023-06-24'),
(4691, 1, 11, NULL, '2023-06-24'),
(4692, 1, 12, NULL, '2023-06-24'),
(4705, 3, 1, NULL, '2023-06-24'),
(4706, 3, 2, NULL, '2023-06-24'),
(4707, 3, 3, NULL, '2023-06-24'),
(4708, 3, 4, NULL, '2023-06-24'),
(4709, 3, 5, NULL, '2023-06-24'),
(4710, 3, 6, NULL, '2023-06-24'),
(4711, 3, 7, NULL, '2023-06-24'),
(4712, 3, 8, NULL, '2023-06-24'),
(4713, 3, 9, NULL, '2023-06-24'),
(4714, 3, 10, NULL, '2023-06-24'),
(4715, 3, 11, NULL, '2023-06-24'),
(4716, 3, 12, NULL, '2023-06-24'),
(4717, 4, 1, NULL, '2023-06-24'),
(4718, 4, 2, NULL, '2023-06-24'),
(4719, 4, 3, NULL, '2023-06-24'),
(4720, 4, 4, NULL, '2023-06-24'),
(4721, 4, 5, NULL, '2023-06-24'),
(4729, 5, 1, NULL, '2023-06-24'),
(4730, 5, 2, NULL, '2023-06-24'),
(4731, 5, 3, NULL, '2023-06-24'),
(4732, 5, 4, NULL, '2023-06-24'),
(4735, 5, 7, NULL, '2023-06-24'),
(4736, 5, 8, NULL, '2023-06-24'),
(4737, 5, 9, NULL, '2023-06-24'),
(4738, 5, 10, NULL, '2023-06-24'),
(4739, 5, 11, NULL, '2023-06-24'),
(4740, 5, 12, NULL, '2023-06-24'),
(4741, 1, 1, NULL, '2023-06-25'),
(4742, 1, 2, NULL, '2023-06-25'),
(4743, 1, 3, NULL, '2023-06-25'),
(4744, 1, 4, NULL, '2023-06-25'),
(4765, 3, 1, NULL, '2023-06-25'),
(4766, 3, 2, NULL, '2023-06-25'),
(4767, 3, 3, NULL, '2023-06-25'),
(4768, 3, 4, NULL, '2023-06-25'),
(4769, 3, 5, NULL, '2023-06-25'),
(4770, 3, 6, NULL, '2023-06-25'),
(4771, 3, 7, NULL, '2023-06-25'),
(4772, 3, 8, NULL, '2023-06-25'),
(4773, 3, 9, NULL, '2023-06-25'),
(4774, 3, 10, NULL, '2023-06-25'),
(4775, 3, 11, NULL, '2023-06-25'),
(4776, 3, 12, NULL, '2023-06-25'),
(4777, 4, 1, NULL, '2023-06-25'),
(4778, 4, 2, NULL, '2023-06-25'),
(4779, 4, 3, NULL, '2023-06-25'),
(4780, 4, 4, NULL, '2023-06-25'),
(4781, 4, 5, NULL, '2023-06-25'),
(4789, 5, 1, NULL, '2023-06-25'),
(4790, 5, 2, NULL, '2023-06-25'),
(4791, 5, 3, NULL, '2023-06-25'),
(4792, 5, 4, NULL, '2023-06-25'),
(4795, 5, 7, NULL, '2023-06-25'),
(4796, 5, 8, NULL, '2023-06-25'),
(4797, 5, 9, NULL, '2023-06-25'),
(4798, 5, 10, NULL, '2023-06-25'),
(4799, 5, 11, NULL, '2023-06-25'),
(4800, 5, 12, NULL, '2023-06-25'),
(4801, 1, 1, NULL, '2023-06-26'),
(4802, 1, 2, NULL, '2023-06-26'),
(4803, 1, 3, NULL, '2023-06-26'),
(4804, 1, 4, NULL, '2023-06-26'),
(4806, 1, 6, NULL, '2023-06-26'),
(4807, 1, 7, NULL, '2023-06-26'),
(4808, 1, 8, NULL, '2023-06-26'),
(4809, 1, 9, NULL, '2023-06-26'),
(4811, 1, 11, NULL, '2023-06-26'),
(4812, 1, 12, NULL, '2023-06-26'),
(4813, 2, 1, NULL, '2023-06-26'),
(4814, 2, 2, NULL, '2023-06-26'),
(4815, 2, 3, NULL, '2023-06-26'),
(4816, 2, 4, NULL, '2023-06-26'),
(4817, 2, 5, NULL, '2023-06-26'),
(4818, 2, 6, NULL, '2023-06-26'),
(4819, 2, 7, NULL, '2023-06-26'),
(4820, 2, 8, NULL, '2023-06-26'),
(4821, 2, 9, NULL, '2023-06-26'),
(4822, 2, 10, NULL, '2023-06-26'),
(4823, 2, 11, NULL, '2023-06-26'),
(4824, 2, 12, NULL, '2023-06-26'),
(4837, 4, 1, NULL, '2023-06-26'),
(4838, 4, 2, NULL, '2023-06-26'),
(4839, 4, 3, NULL, '2023-06-26'),
(4840, 4, 4, NULL, '2023-06-26'),
(4841, 4, 5, NULL, '2023-06-26'),
(4842, 4, 6, NULL, '2023-06-26'),
(4843, 4, 7, NULL, '2023-06-26'),
(4844, 4, 8, NULL, '2023-06-26'),
(4845, 4, 9, NULL, '2023-06-26'),
(4846, 4, 10, NULL, '2023-06-26'),
(4847, 4, 11, NULL, '2023-06-26'),
(4848, 4, 12, NULL, '2023-06-26'),
(4849, 5, 1, NULL, '2023-06-26'),
(4850, 5, 2, NULL, '2023-06-26'),
(4851, 5, 3, NULL, '2023-06-26'),
(4852, 5, 4, NULL, '2023-06-26'),
(4855, 5, 7, NULL, '2023-06-26'),
(4856, 5, 8, NULL, '2023-06-26'),
(4857, 5, 9, NULL, '2023-06-26'),
(4859, 5, 11, NULL, '2023-06-26'),
(4860, 5, 12, NULL, '2023-06-26'),
(4861, 1, 1, NULL, '2023-06-27'),
(4862, 1, 2, NULL, '2023-06-27'),
(4863, 1, 3, NULL, '2023-06-27'),
(4864, 1, 4, NULL, '2023-06-27'),
(4866, 1, 6, NULL, '2023-06-27'),
(4867, 1, 7, NULL, '2023-06-27'),
(4868, 1, 8, NULL, '2023-06-27'),
(4869, 1, 9, NULL, '2023-06-27'),
(4871, 1, 11, NULL, '2023-06-27'),
(4872, 1, 12, NULL, '2023-06-27'),
(4873, 2, 1, NULL, '2023-06-27'),
(4874, 2, 2, NULL, '2023-06-27'),
(4875, 2, 3, NULL, '2023-06-27'),
(4876, 2, 4, NULL, '2023-06-27'),
(4877, 2, 5, NULL, '2023-06-27'),
(4878, 2, 6, NULL, '2023-06-27'),
(4879, 2, 7, NULL, '2023-06-27'),
(4880, 2, 8, NULL, '2023-06-27'),
(4881, 2, 9, NULL, '2023-06-27'),
(4882, 2, 10, NULL, '2023-06-27'),
(4883, 2, 11, NULL, '2023-06-27'),
(4884, 2, 12, NULL, '2023-06-27'),
(4885, 3, 1, NULL, '2023-06-27'),
(4886, 3, 2, NULL, '2023-06-27'),
(4887, 3, 3, NULL, '2023-06-27'),
(4888, 3, 4, NULL, '2023-06-27'),
(4889, 3, 5, NULL, '2023-06-27'),
(4891, 3, 7, NULL, '2023-06-27'),
(4892, 3, 8, NULL, '2023-06-27'),
(4893, 3, 9, NULL, '2023-06-27'),
(4894, 3, 10, NULL, '2023-06-27'),
(4895, 3, 11, NULL, '2023-06-27'),
(4896, 3, 12, NULL, '2023-06-27'),
(4897, 4, 1, NULL, '2023-06-27'),
(4898, 4, 2, NULL, '2023-06-27'),
(4899, 4, 3, NULL, '2023-06-27'),
(4900, 4, 4, NULL, '2023-06-27'),
(4901, 4, 5, NULL, '2023-06-27'),
(4902, 4, 6, NULL, '2023-06-27'),
(4903, 4, 7, NULL, '2023-06-27'),
(4904, 4, 8, NULL, '2023-06-27'),
(4905, 4, 9, NULL, '2023-06-27'),
(4906, 4, 10, NULL, '2023-06-27'),
(4907, 4, 11, NULL, '2023-06-27'),
(4908, 4, 12, NULL, '2023-06-27'),
(4909, 5, 1, NULL, '2023-06-27'),
(4910, 5, 2, NULL, '2023-06-27'),
(4911, 5, 3, NULL, '2023-06-27'),
(4912, 5, 4, NULL, '2023-06-27'),
(4915, 5, 7, NULL, '2023-06-27'),
(4916, 5, 8, NULL, '2023-06-27'),
(4917, 5, 9, NULL, '2023-06-27'),
(4918, 5, 10, NULL, '2023-06-27'),
(4919, 5, 11, NULL, '2023-06-27'),
(4920, 5, 12, NULL, '2023-06-27'),
(4921, 1, 1, NULL, '2023-06-28'),
(4922, 1, 2, NULL, '2023-06-28'),
(4923, 1, 3, NULL, '2023-06-28'),
(4924, 1, 4, NULL, '2023-06-28'),
(4926, 1, 6, NULL, '2023-06-28'),
(4927, 1, 7, NULL, '2023-06-28'),
(4928, 1, 8, NULL, '2023-06-28'),
(4929, 1, 9, NULL, '2023-06-28'),
(4931, 1, 11, NULL, '2023-06-28'),
(4932, 1, 12, NULL, '2023-06-28'),
(4933, 2, 1, NULL, '2023-06-28'),
(4934, 2, 2, NULL, '2023-06-28'),
(4935, 2, 3, NULL, '2023-06-28'),
(4936, 2, 4, NULL, '2023-06-28'),
(4937, 2, 5, NULL, '2023-06-28'),
(4938, 2, 6, NULL, '2023-06-28'),
(4939, 2, 7, NULL, '2023-06-28'),
(4940, 2, 8, NULL, '2023-06-28'),
(4941, 2, 9, NULL, '2023-06-28'),
(4942, 2, 10, NULL, '2023-06-28'),
(4943, 2, 11, NULL, '2023-06-28'),
(4944, 2, 12, NULL, '2023-06-28'),
(4945, 3, 1, NULL, '2023-06-28'),
(4946, 3, 2, NULL, '2023-06-28'),
(4947, 3, 3, NULL, '2023-06-28'),
(4948, 3, 4, NULL, '2023-06-28'),
(4949, 3, 5, NULL, '2023-06-28'),
(4951, 3, 7, NULL, '2023-06-28'),
(4952, 3, 8, NULL, '2023-06-28'),
(4953, 3, 9, NULL, '2023-06-28'),
(4954, 3, 10, NULL, '2023-06-28'),
(4955, 3, 11, NULL, '2023-06-28'),
(4956, 3, 12, NULL, '2023-06-28'),
(4957, 4, 1, NULL, '2023-06-28'),
(4958, 4, 2, NULL, '2023-06-28'),
(4959, 4, 3, NULL, '2023-06-28'),
(4960, 4, 4, NULL, '2023-06-28'),
(4961, 4, 5, NULL, '2023-06-28'),
(4962, 4, 6, NULL, '2023-06-28'),
(4963, 4, 7, NULL, '2023-06-28'),
(4964, 4, 8, NULL, '2023-06-28'),
(4965, 4, 9, NULL, '2023-06-28'),
(4966, 4, 10, NULL, '2023-06-28'),
(4967, 4, 11, NULL, '2023-06-28'),
(4968, 4, 12, NULL, '2023-06-28'),
(4969, 5, 1, NULL, '2023-06-28'),
(4970, 5, 2, NULL, '2023-06-28'),
(4971, 5, 3, NULL, '2023-06-28'),
(4972, 5, 4, NULL, '2023-06-28'),
(4975, 5, 7, NULL, '2023-06-28'),
(4976, 5, 8, NULL, '2023-06-28'),
(4977, 5, 9, NULL, '2023-06-28'),
(4978, 5, 10, NULL, '2023-06-28'),
(4979, 5, 11, NULL, '2023-06-28'),
(4980, 5, 12, NULL, '2023-06-28'),
(4981, 1, 1, NULL, '2023-06-29'),
(4982, 1, 2, NULL, '2023-06-29'),
(4983, 1, 3, NULL, '2023-06-29'),
(4984, 1, 4, NULL, '2023-06-29'),
(4986, 1, 6, NULL, '2023-06-29'),
(4987, 1, 7, NULL, '2023-06-29'),
(4988, 1, 8, NULL, '2023-06-29'),
(4989, 1, 9, NULL, '2023-06-29'),
(4991, 1, 11, NULL, '2023-06-29'),
(4992, 1, 12, NULL, '2023-06-29'),
(4993, 2, 1, NULL, '2023-06-29'),
(4994, 2, 2, NULL, '2023-06-29'),
(4995, 2, 3, NULL, '2023-06-29'),
(4996, 2, 4, NULL, '2023-06-29'),
(4997, 2, 5, NULL, '2023-06-29'),
(4998, 2, 6, NULL, '2023-06-29'),
(4999, 2, 7, NULL, '2023-06-29'),
(5000, 2, 8, NULL, '2023-06-29'),
(5001, 2, 9, NULL, '2023-06-29'),
(5002, 2, 10, NULL, '2023-06-29'),
(5003, 2, 11, NULL, '2023-06-29'),
(5004, 2, 12, NULL, '2023-06-29'),
(5017, 4, 1, NULL, '2023-06-29'),
(5018, 4, 2, NULL, '2023-06-29'),
(5019, 4, 3, NULL, '2023-06-29'),
(5020, 4, 4, NULL, '2023-06-29'),
(5021, 4, 5, NULL, '2023-06-29'),
(5022, 4, 6, NULL, '2023-06-29'),
(5023, 4, 7, NULL, '2023-06-29'),
(5024, 4, 8, NULL, '2023-06-29'),
(5025, 4, 9, NULL, '2023-06-29'),
(5026, 4, 10, NULL, '2023-06-29'),
(5027, 4, 11, NULL, '2023-06-29'),
(5028, 4, 12, NULL, '2023-06-29'),
(5029, 5, 1, NULL, '2023-06-29'),
(5030, 5, 2, NULL, '2023-06-29'),
(5031, 5, 3, NULL, '2023-06-29'),
(5032, 5, 4, NULL, '2023-06-29'),
(5035, 5, 7, NULL, '2023-06-29'),
(5036, 5, 8, NULL, '2023-06-29'),
(5037, 5, 9, NULL, '2023-06-29'),
(5038, 5, 10, NULL, '2023-06-29'),
(5039, 5, 11, NULL, '2023-06-29'),
(5040, 5, 12, NULL, '2023-06-29'),
(5041, 1, 1, NULL, '2023-06-30'),
(5042, 1, 2, NULL, '2023-06-30'),
(5043, 1, 3, NULL, '2023-06-30'),
(5044, 1, 4, NULL, '2023-06-30'),
(5046, 1, 6, NULL, '2023-06-30'),
(5047, 1, 7, NULL, '2023-06-30'),
(5048, 1, 8, NULL, '2023-06-30'),
(5049, 1, 9, NULL, '2023-06-30'),
(5051, 1, 11, NULL, '2023-06-30'),
(5052, 1, 12, NULL, '2023-06-30'),
(5053, 2, 1, NULL, '2023-06-30'),
(5054, 2, 2, NULL, '2023-06-30'),
(5055, 2, 3, NULL, '2023-06-30'),
(5056, 2, 4, NULL, '2023-06-30'),
(5057, 2, 5, NULL, '2023-06-30'),
(5058, 2, 6, NULL, '2023-06-30'),
(5059, 2, 7, NULL, '2023-06-30'),
(5060, 2, 8, NULL, '2023-06-30'),
(5061, 2, 9, NULL, '2023-06-30'),
(5062, 2, 10, NULL, '2023-06-30'),
(5063, 2, 11, NULL, '2023-06-30'),
(5064, 2, 12, NULL, '2023-06-30'),
(5065, 3, 1, NULL, '2023-06-30'),
(5066, 3, 2, NULL, '2023-06-30'),
(5067, 3, 3, NULL, '2023-06-30'),
(5068, 3, 4, NULL, '2023-06-30'),
(5069, 3, 5, NULL, '2023-06-30'),
(5070, 3, 6, NULL, '2023-06-30'),
(5071, 3, 7, NULL, '2023-06-30'),
(5072, 3, 8, NULL, '2023-06-30'),
(5073, 3, 9, NULL, '2023-06-30'),
(5074, 3, 10, NULL, '2023-06-30'),
(5075, 3, 11, NULL, '2023-06-30'),
(5076, 3, 12, NULL, '2023-06-30'),
(5077, 4, 1, NULL, '2023-06-30'),
(5078, 4, 2, NULL, '2023-06-30'),
(5079, 4, 3, NULL, '2023-06-30'),
(5080, 4, 4, NULL, '2023-06-30'),
(5081, 4, 5, NULL, '2023-06-30'),
(5082, 4, 6, NULL, '2023-06-30'),
(5083, 4, 7, NULL, '2023-06-30'),
(5084, 4, 8, NULL, '2023-06-30'),
(5085, 4, 9, NULL, '2023-06-30'),
(5086, 4, 10, NULL, '2023-06-30'),
(5087, 4, 11, NULL, '2023-06-30'),
(5088, 4, 12, NULL, '2023-06-30'),
(5089, 5, 1, NULL, '2023-06-30'),
(5090, 5, 2, NULL, '2023-06-30'),
(5091, 5, 3, NULL, '2023-06-30'),
(5092, 5, 4, NULL, '2023-06-30'),
(5095, 5, 7, NULL, '2023-06-30'),
(5096, 5, 8, NULL, '2023-06-30'),
(5097, 5, 9, NULL, '2023-06-30'),
(5098, 5, 10, NULL, '2023-06-30'),
(5099, 5, 11, NULL, '2023-06-30'),
(5100, 5, 12, NULL, '2023-06-30'),
(5101, 1, 1, NULL, '2023-07-01'),
(5102, 1, 2, NULL, '2023-07-01'),
(5103, 1, 3, NULL, '2023-07-01'),
(5104, 1, 4, NULL, '2023-07-01'),
(5106, 1, 6, NULL, '2023-07-01'),
(5107, 1, 7, NULL, '2023-07-01'),
(5108, 1, 8, NULL, '2023-07-01'),
(5109, 1, 9, NULL, '2023-07-01'),
(5111, 1, 11, NULL, '2023-07-01'),
(5112, 1, 12, NULL, '2023-07-01'),
(5125, 3, 1, NULL, '2023-07-01'),
(5126, 3, 2, NULL, '2023-07-01'),
(5127, 3, 3, NULL, '2023-07-01'),
(5128, 3, 4, NULL, '2023-07-01'),
(5129, 3, 5, NULL, '2023-07-01'),
(5130, 3, 6, NULL, '2023-07-01'),
(5131, 3, 7, NULL, '2023-07-01'),
(5132, 3, 8, NULL, '2023-07-01'),
(5133, 3, 9, NULL, '2023-07-01'),
(5134, 3, 10, NULL, '2023-07-01'),
(5135, 3, 11, NULL, '2023-07-01'),
(5136, 3, 12, NULL, '2023-07-01'),
(5137, 4, 1, NULL, '2023-07-01'),
(5138, 4, 2, NULL, '2023-07-01'),
(5139, 4, 3, NULL, '2023-07-01'),
(5140, 4, 4, NULL, '2023-07-01'),
(5141, 4, 5, NULL, '2023-07-01'),
(5149, 5, 1, NULL, '2023-07-01'),
(5150, 5, 2, NULL, '2023-07-01'),
(5151, 5, 3, NULL, '2023-07-01'),
(5152, 5, 4, NULL, '2023-07-01'),
(5155, 5, 7, NULL, '2023-07-01'),
(5156, 5, 8, NULL, '2023-07-01'),
(5157, 5, 9, NULL, '2023-07-01'),
(5158, 5, 10, NULL, '2023-07-01'),
(5159, 5, 11, NULL, '2023-07-01'),
(5160, 5, 12, NULL, '2023-07-01'),
(5161, 1, 1, NULL, '2023-07-02'),
(5162, 1, 2, NULL, '2023-07-02'),
(5163, 1, 3, NULL, '2023-07-02'),
(5164, 1, 4, NULL, '2023-07-02'),
(5185, 3, 1, NULL, '2023-07-02'),
(5186, 3, 2, NULL, '2023-07-02'),
(5187, 3, 3, NULL, '2023-07-02'),
(5188, 3, 4, NULL, '2023-07-02'),
(5189, 3, 5, NULL, '2023-07-02'),
(5190, 3, 6, NULL, '2023-07-02'),
(5191, 3, 7, NULL, '2023-07-02'),
(5192, 3, 8, NULL, '2023-07-02'),
(5193, 3, 9, NULL, '2023-07-02'),
(5194, 3, 10, NULL, '2023-07-02'),
(5195, 3, 11, NULL, '2023-07-02'),
(5196, 3, 12, NULL, '2023-07-02'),
(5197, 4, 1, NULL, '2023-07-02'),
(5198, 4, 2, NULL, '2023-07-02'),
(5199, 4, 3, NULL, '2023-07-02'),
(5200, 4, 4, NULL, '2023-07-02'),
(5201, 4, 5, NULL, '2023-07-02'),
(5209, 5, 1, NULL, '2023-07-02'),
(5210, 5, 2, NULL, '2023-07-02'),
(5211, 5, 3, NULL, '2023-07-02'),
(5212, 5, 4, NULL, '2023-07-02'),
(5215, 5, 7, NULL, '2023-07-02'),
(5216, 5, 8, NULL, '2023-07-02'),
(5217, 5, 9, NULL, '2023-07-02'),
(5218, 5, 10, NULL, '2023-07-02'),
(5219, 5, 11, NULL, '2023-07-02'),
(5220, 5, 12, NULL, '2023-07-02'),
(5221, 1, 1, NULL, '2023-07-03'),
(5222, 1, 2, NULL, '2023-07-03'),
(5223, 1, 3, NULL, '2023-07-03'),
(5224, 1, 4, NULL, '2023-07-03'),
(5226, 1, 6, NULL, '2023-07-03'),
(5227, 1, 7, NULL, '2023-07-03'),
(5228, 1, 8, NULL, '2023-07-03'),
(5229, 1, 9, NULL, '2023-07-03'),
(5231, 1, 11, NULL, '2023-07-03'),
(5232, 1, 12, NULL, '2023-07-03'),
(5233, 2, 1, NULL, '2023-07-03'),
(5234, 2, 2, NULL, '2023-07-03'),
(5235, 2, 3, NULL, '2023-07-03'),
(5236, 2, 4, NULL, '2023-07-03'),
(5237, 2, 5, NULL, '2023-07-03'),
(5238, 2, 6, NULL, '2023-07-03'),
(5239, 2, 7, NULL, '2023-07-03'),
(5240, 2, 8, NULL, '2023-07-03'),
(5241, 2, 9, NULL, '2023-07-03'),
(5242, 2, 10, NULL, '2023-07-03'),
(5243, 2, 11, NULL, '2023-07-03'),
(5244, 2, 12, NULL, '2023-07-03'),
(5257, 4, 1, NULL, '2023-07-03'),
(5258, 4, 2, NULL, '2023-07-03'),
(5259, 4, 3, NULL, '2023-07-03'),
(5260, 4, 4, NULL, '2023-07-03'),
(5261, 4, 5, NULL, '2023-07-03'),
(5262, 4, 6, NULL, '2023-07-03'),
(5263, 4, 7, NULL, '2023-07-03'),
(5264, 4, 8, NULL, '2023-07-03'),
(5265, 4, 9, NULL, '2023-07-03'),
(5266, 4, 10, NULL, '2023-07-03'),
(5267, 4, 11, NULL, '2023-07-03'),
(5268, 4, 12, NULL, '2023-07-03'),
(5269, 5, 1, NULL, '2023-07-03'),
(5270, 5, 2, NULL, '2023-07-03'),
(5271, 5, 3, NULL, '2023-07-03'),
(5272, 5, 4, NULL, '2023-07-03'),
(5275, 5, 7, NULL, '2023-07-03'),
(5276, 5, 8, NULL, '2023-07-03'),
(5277, 5, 9, NULL, '2023-07-03'),
(5279, 5, 11, NULL, '2023-07-03'),
(5280, 5, 12, NULL, '2023-07-03'),
(5281, 1, 1, NULL, '2023-07-04'),
(5282, 1, 2, NULL, '2023-07-04'),
(5283, 1, 3, NULL, '2023-07-04'),
(5284, 1, 4, NULL, '2023-07-04'),
(5286, 1, 6, NULL, '2023-07-04'),
(5287, 1, 7, NULL, '2023-07-04'),
(5288, 1, 8, NULL, '2023-07-04'),
(5289, 1, 9, NULL, '2023-07-04'),
(5291, 1, 11, NULL, '2023-07-04'),
(5292, 1, 12, NULL, '2023-07-04'),
(5293, 2, 1, NULL, '2023-07-04'),
(5294, 2, 2, NULL, '2023-07-04'),
(5295, 2, 3, NULL, '2023-07-04'),
(5296, 2, 4, NULL, '2023-07-04'),
(5297, 2, 5, NULL, '2023-07-04'),
(5298, 2, 6, NULL, '2023-07-04'),
(5299, 2, 7, NULL, '2023-07-04'),
(5300, 2, 8, NULL, '2023-07-04'),
(5301, 2, 9, NULL, '2023-07-04'),
(5302, 2, 10, NULL, '2023-07-04'),
(5303, 2, 11, NULL, '2023-07-04'),
(5304, 2, 12, NULL, '2023-07-04'),
(5305, 3, 1, NULL, '2023-07-04'),
(5306, 3, 2, NULL, '2023-07-04'),
(5307, 3, 3, NULL, '2023-07-04'),
(5308, 3, 4, NULL, '2023-07-04'),
(5309, 3, 5, NULL, '2023-07-04'),
(5311, 3, 7, NULL, '2023-07-04'),
(5312, 3, 8, NULL, '2023-07-04'),
(5313, 3, 9, NULL, '2023-07-04'),
(5314, 3, 10, NULL, '2023-07-04'),
(5315, 3, 11, NULL, '2023-07-04'),
(5316, 3, 12, NULL, '2023-07-04'),
(5317, 4, 1, NULL, '2023-07-04'),
(5318, 4, 2, NULL, '2023-07-04'),
(5319, 4, 3, NULL, '2023-07-04'),
(5320, 4, 4, NULL, '2023-07-04'),
(5321, 4, 5, NULL, '2023-07-04'),
(5322, 4, 6, NULL, '2023-07-04'),
(5323, 4, 7, NULL, '2023-07-04'),
(5324, 4, 8, NULL, '2023-07-04'),
(5325, 4, 9, NULL, '2023-07-04'),
(5326, 4, 10, NULL, '2023-07-04'),
(5327, 4, 11, NULL, '2023-07-04'),
(5328, 4, 12, NULL, '2023-07-04'),
(5329, 5, 1, NULL, '2023-07-04'),
(5330, 5, 2, NULL, '2023-07-04'),
(5331, 5, 3, NULL, '2023-07-04'),
(5332, 5, 4, NULL, '2023-07-04'),
(5335, 5, 7, NULL, '2023-07-04'),
(5336, 5, 8, NULL, '2023-07-04'),
(5337, 5, 9, NULL, '2023-07-04'),
(5338, 5, 10, NULL, '2023-07-04'),
(5339, 5, 11, NULL, '2023-07-04'),
(5340, 5, 12, NULL, '2023-07-04'),
(5341, 1, 1, NULL, '2023-07-05'),
(5342, 1, 2, NULL, '2023-07-05'),
(5343, 1, 3, NULL, '2023-07-05'),
(5344, 1, 4, NULL, '2023-07-05'),
(5346, 1, 6, NULL, '2023-07-05'),
(5347, 1, 7, NULL, '2023-07-05'),
(5348, 1, 8, NULL, '2023-07-05'),
(5349, 1, 9, NULL, '2023-07-05'),
(5351, 1, 11, NULL, '2023-07-05'),
(5352, 1, 12, NULL, '2023-07-05'),
(5353, 2, 1, NULL, '2023-07-05'),
(5354, 2, 2, NULL, '2023-07-05'),
(5355, 2, 3, NULL, '2023-07-05'),
(5356, 2, 4, NULL, '2023-07-05'),
(5357, 2, 5, NULL, '2023-07-05'),
(5358, 2, 6, NULL, '2023-07-05'),
(5359, 2, 7, NULL, '2023-07-05'),
(5360, 2, 8, NULL, '2023-07-05'),
(5361, 2, 9, NULL, '2023-07-05'),
(5362, 2, 10, NULL, '2023-07-05'),
(5363, 2, 11, NULL, '2023-07-05'),
(5364, 2, 12, NULL, '2023-07-05'),
(5365, 3, 1, NULL, '2023-07-05'),
(5366, 3, 2, NULL, '2023-07-05'),
(5367, 3, 3, NULL, '2023-07-05'),
(5368, 3, 4, NULL, '2023-07-05'),
(5369, 3, 5, NULL, '2023-07-05'),
(5371, 3, 7, NULL, '2023-07-05'),
(5372, 3, 8, NULL, '2023-07-05'),
(5373, 3, 9, NULL, '2023-07-05'),
(5374, 3, 10, NULL, '2023-07-05'),
(5375, 3, 11, NULL, '2023-07-05'),
(5376, 3, 12, NULL, '2023-07-05'),
(5377, 4, 1, NULL, '2023-07-05'),
(5378, 4, 2, NULL, '2023-07-05'),
(5379, 4, 3, NULL, '2023-07-05'),
(5380, 4, 4, NULL, '2023-07-05'),
(5381, 4, 5, NULL, '2023-07-05'),
(5382, 4, 6, NULL, '2023-07-05'),
(5383, 4, 7, NULL, '2023-07-05'),
(5384, 4, 8, NULL, '2023-07-05'),
(5385, 4, 9, NULL, '2023-07-05'),
(5386, 4, 10, NULL, '2023-07-05'),
(5387, 4, 11, NULL, '2023-07-05'),
(5388, 4, 12, NULL, '2023-07-05'),
(5389, 5, 1, NULL, '2023-07-05'),
(5390, 5, 2, NULL, '2023-07-05'),
(5391, 5, 3, NULL, '2023-07-05'),
(5392, 5, 4, NULL, '2023-07-05'),
(5395, 5, 7, NULL, '2023-07-05'),
(5396, 5, 8, NULL, '2023-07-05'),
(5397, 5, 9, NULL, '2023-07-05'),
(5398, 5, 10, NULL, '2023-07-05'),
(5399, 5, 11, NULL, '2023-07-05'),
(5400, 5, 12, NULL, '2023-07-05'),
(5433, 5, 10, NULL, '2023-04-24'),
(5434, 5, 10, NULL, '2023-05-01'),
(5435, 5, 10, NULL, '2023-05-08'),
(5436, 5, 10, NULL, '2023-05-15'),
(5437, 5, 10, NULL, '2023-05-22'),
(5438, 5, 10, NULL, '2023-05-29'),
(5439, 5, 10, NULL, '2023-06-05'),
(5440, 5, 10, NULL, '2023-06-12'),
(5441, 5, 10, NULL, '2023-06-19'),
(5442, 5, 10, NULL, '2023-06-26'),
(5443, 5, 10, NULL, '2023-07-03');

--
-- 已傾印資料表的索引
--

--
-- 資料表索引 `account`
--
ALTER TABLE `account`
  ADD PRIMARY KEY (`id`);

--
-- 資料表索引 `booking`
--
ALTER TABLE `booking`
  ADD PRIMARY KEY (`id`),
  ADD KEY `userId` (`userId`);

--
-- 資料表索引 `guest`
--
ALTER TABLE `guest`
  ADD PRIMARY KEY (`id`),
  ADD KEY `userId` (`userId`);

--
-- 資料表索引 `guestlist`
--
ALTER TABLE `guestlist`
  ADD PRIMARY KEY (`id`),
  ADD KEY `bookingId` (`bookingId`),
  ADD KEY `venueId` (`venueId`);

--
-- 資料表索引 `guestlist_guest`
--
ALTER TABLE `guestlist_guest`
  ADD PRIMARY KEY (`id`),
  ADD KEY `guestlistId` (`guestlistId`),
  ADD KEY `guestId` (`guestId`);

--
-- 資料表索引 `timeslot`
--
ALTER TABLE `timeslot`
  ADD PRIMARY KEY (`id`);

--
-- 資料表索引 `user`
--
ALTER TABLE `user`
  ADD PRIMARY KEY (`id`),
  ADD KEY `accountId` (`accountId`);

--
-- 資料表索引 `venue`
--
ALTER TABLE `venue`
  ADD PRIMARY KEY (`id`),
  ADD KEY `userId` (`userId`);

--
-- 資料表索引 `venue_timeslot`
--
ALTER TABLE `venue_timeslot`
  ADD PRIMARY KEY (`id`,`venueId`,`timeslotId`),
  ADD KEY `venueId` (`venueId`),
  ADD KEY `bookingId` (`bookingId`),
  ADD KEY `timeslotId` (`timeslotId`);

--
-- 在傾印的資料表使用自動遞增(AUTO_INCREMENT)
--

--
-- 使用資料表自動遞增(AUTO_INCREMENT) `account`
--
ALTER TABLE `account`
  MODIFY `id` int(11) NOT NULL AUTO_INCREMENT, AUTO_INCREMENT=11;

--
-- 使用資料表自動遞增(AUTO_INCREMENT) `booking`
--
ALTER TABLE `booking`
  MODIFY `id` int(11) NOT NULL AUTO_INCREMENT, AUTO_INCREMENT=10;

--
-- 使用資料表自動遞增(AUTO_INCREMENT) `guest`
--
ALTER TABLE `guest`
  MODIFY `id` int(11) NOT NULL AUTO_INCREMENT, AUTO_INCREMENT=51;

--
-- 使用資料表自動遞增(AUTO_INCREMENT) `guestlist`
--
ALTER TABLE `guestlist`
  MODIFY `id` int(11) NOT NULL AUTO_INCREMENT, AUTO_INCREMENT=13;

--
-- 使用資料表自動遞增(AUTO_INCREMENT) `guestlist_guest`
--
ALTER TABLE `guestlist_guest`
  MODIFY `id` int(11) NOT NULL AUTO_INCREMENT, AUTO_INCREMENT=41;

--
-- 使用資料表自動遞增(AUTO_INCREMENT) `timeslot`
--
ALTER TABLE `timeslot`
  MODIFY `id` int(11) NOT NULL AUTO_INCREMENT, AUTO_INCREMENT=13;

--
-- 使用資料表自動遞增(AUTO_INCREMENT) `user`
--
ALTER TABLE `user`
  MODIFY `id` int(11) NOT NULL AUTO_INCREMENT, AUTO_INCREMENT=11;

--
-- 使用資料表自動遞增(AUTO_INCREMENT) `venue`
--
ALTER TABLE `venue`
  MODIFY `id` int(11) NOT NULL AUTO_INCREMENT, AUTO_INCREMENT=6;

--
-- 使用資料表自動遞增(AUTO_INCREMENT) `venue_timeslot`
--
ALTER TABLE `venue_timeslot`
  MODIFY `id` int(11) NOT NULL AUTO_INCREMENT, AUTO_INCREMENT=5444;

--
-- 已傾印資料表的限制式
--

--
-- 資料表的限制式 `booking`
--
ALTER TABLE `booking`
  ADD CONSTRAINT `booking_ibfk_1` FOREIGN KEY (`userId`) REFERENCES `user` (`id`) ON DELETE CASCADE;

--
-- 資料表的限制式 `guest`
--
ALTER TABLE `guest`
  ADD CONSTRAINT `guest_ibfk_1` FOREIGN KEY (`userId`) REFERENCES `user` (`id`) ON DELETE CASCADE;

--
-- 資料表的限制式 `guestlist`
--
ALTER TABLE `guestlist`
  ADD CONSTRAINT `guestlist_ibfk_1` FOREIGN KEY (`bookingId`) REFERENCES `booking` (`id`) ON DELETE CASCADE,
  ADD CONSTRAINT `guestlist_ibfk_2` FOREIGN KEY (`venueId`) REFERENCES `venue` (`id`) ON DELETE CASCADE;

--
-- 資料表的限制式 `guestlist_guest`
--
ALTER TABLE `guestlist_guest`
  ADD CONSTRAINT `guestlist_guest_ibfk_1` FOREIGN KEY (`guestlistId`) REFERENCES `guestlist` (`id`) ON DELETE CASCADE,
  ADD CONSTRAINT `guestlist_guest_ibfk_2` FOREIGN KEY (`guestId`) REFERENCES `guest` (`id`) ON DELETE CASCADE;

--
-- 資料表的限制式 `user`
--
ALTER TABLE `user`
  ADD CONSTRAINT `user_ibfk_1` FOREIGN KEY (`accountId`) REFERENCES `account` (`id`) ON DELETE CASCADE;

--
-- 資料表的限制式 `venue`
--
ALTER TABLE `venue`
  ADD CONSTRAINT `venue_ibfk_1` FOREIGN KEY (`userId`) REFERENCES `user` (`id`) ON DELETE SET NULL;

--
-- 資料表的限制式 `venue_timeslot`
--
ALTER TABLE `venue_timeslot`
  ADD CONSTRAINT `venue_timeslot_ibfk_1` FOREIGN KEY (`venueId`) REFERENCES `venue` (`id`) ON DELETE CASCADE,
  ADD CONSTRAINT `venue_timeslot_ibfk_2` FOREIGN KEY (`bookingId`) REFERENCES `booking` (`id`) ON DELETE SET NULL,
  ADD CONSTRAINT `venue_timeslot_ibfk_3` FOREIGN KEY (`timeslotId`) REFERENCES `timeslot` (`id`) ON DELETE CASCADE;
COMMIT;

/*!40101 SET CHARACTER_SET_CLIENT=@OLD_CHARACTER_SET_CLIENT */;
/*!40101 SET CHARACTER_SET_RESULTS=@OLD_CHARACTER_SET_RESULTS */;
/*!40101 SET COLLATION_CONNECTION=@OLD_COLLATION_CONNECTION */;
